1,CW,EO 
3,IA,IA 
5,MC,PP 
7,CE,CE 
8,ED,PP 
9,CC,ED 
10,ED,ED 
11,MC,CW 
13,MT,CT 
14,CE,CE 
15,IA,ED 
16,MT,CT 
17,IA,CC 
18,PP,CW 
19,CW,CW 
20,MC,MC 
21,EO,PP 
22,MC,CW 
23,CE,CE 
25,MC,CE 
27,CE,PP 
28,MT,CW 
29,MT,CT 
30,CW,CE 
31,MT,CT 
32,CE,CW 
33,PP,CE 
34,ED,ED 
35,CW,CE 
36,EO,IA 
38,CW,CW 
39,CE,PP 
40,IA,CT 
41,CE,CE 
42,CC,EO 
43,MC,PP 
44,EO,ED 
45,CE,CE 
46,IA,IA 
47,IA,PP 
48,CE,CE 
51,CE,PP 
52,CW,CW 
53,CE,CE 
54,CE,CW 
55,MC,CW 
56,MT,IA 
58,MT,PP 
59,CC,EO 
61,ED,IA 
62,CC,PP 
63,MC,MC 
64,ED,CE 
67,EO,PP 
68,MT,PP 
69,ED,ED 
70,EO,CE 
71,CE,PP 
72,MC,IA 
73,CE,CE 
74,ED,ED 
75,EO,ED 
76,CE,CE 
77,MT,CT 
78,PP,CT 
79,CE,CE 
80,CE,IA 
81,IA,PP 
82,MC,MC 
83,CE,PP 
84,MC,CW 
85,PP,PP 
87,ED,ED 
88,CE,CE 
89,CE,CE 
91,EO,ED 
92,CW,CW 
93,EO,PP 
94,IA,IA 
95,EO,CE 
96,IA,CW 
97,CE,CE 
98,MC,PP 
99,CE,CE 
100,CE,CE 
102,ED,CW 
103,CE,CE 
104,IA,IA 
105,CE,CE 
106,CC,PP 
107,CW,CT 
108,IA,MC 
109,ED,ED 
110,CC,CT 
111,CC,PP 
112,EO,PP 
113,MT,CT 
114,EO,PP 
115,PP,CT 
117,CE,IA 
119,CW,CW 
120,MC,MC 
122,EO,PP 
123,ED,ED 
124,MT,CT 
125,MT,MC 
126,IA,CC 
127,MC,PP 
128,ED,MC 
129,CE,CE 
130,ED,ED 
131,EO,PP 
132,CW,CW 
133,PP,CW 
134,PP,PP 
135,MC,PP 
137,EO,EO 
139,CE,CT 
143,MC,ED 
144,EO,PP 
145,CE,PP 
146,MC,MC 
147,MC,MC 
148,ED,IA 
150,CC,CC 
151,EO,MC 
152,CE,CE 
153,MT,CT 
154,ED,ED 
155,PP,PP 
156,ED,PP 
157,EO,CW 
158,PP,CW
160,MT,CW 
161,CW,CW 
162,EO,PP 
163,IA,IA 
164,CW,CW 
165,CE,PP 
166,CE,CW 
167,CC,PP 
168,EO,PP 
169,MC,ED 
170,MT,CT 
171,CE,PP 
172,CW,PP 
173,IA,ED 
174,EO,PP 
175,EO,CC 
176,CW,CE 
177,CC,ED 
178,ED,ED 
180,MT,PP 
181,CE,CE 
182,CW,CW 
185,PP,EO 
186,CW,IA 
189,CE,CT 
190,CC,MC 
191,CW,CW 
192,ED,EO 
193,PP,CE 
194,ED,ED 
195,MC,CW 
196,CW,CW 
197,EO,EO 
198,CE,CE 
199,PP,PP 
200,MC,PP 
201,IA,EO 
202,EO,PP 
203,CE,CE 
205,CC,CW 
206,CE,CE 
207,MC,MC 
208,PP,CE 
209,ED,IA 
210,ED,PP 
212,CW,PP 
213,MC,EO 
214,CW,PP 
215,CE,CE 
216,EO,PP 
217,EO,IA 
218,PP,CW 
219,MT,CT 
220,IA,CE 
222,MC,CW 
223,CE,CE 
226,CW,EO 
227,CW,CW 
228,IA,PP 
229,MC,CW 
230,ED,ED 
231,CC,CW 
232,CW,CW 
233,ED,IA 
234,EO,EO 
235,MT,CT 
236,PP,CW 
239,ED,PP 
240,CC,EO 
241,MT,CC 
243,MC,MC 
245,CC,EO 
246,ED,ED 
248,CC,EO 
249,MT,CT 
251,MT,CW 
252,MC,PP 
253,ED,ED 
254,IA,IA 
255,MT,CW 
256,MC,PP 
257,ED,IA 
258,ED,ED 
259,CW,CW 
260,IA,IA 
261,MC,MC 
262,ED,ED 
263,CW,CW 
264,MT,CT 
267,CC,CW 
268,CC,ED 
269,CE,CE 
270,MT,IA 
271,MC,PP 
272,CW,CW 
273,PP,CW 
275,CE,CE 
277,ED,ED 
278,EO,PP 
280,ED,ED 
282,ED,ED 
283,CE,PP 
285,ED,ED 
286,CE,MC 
287,IA,CT 
289,CC,ED 
290,MC,ED 
291,ED,ED 
292,ED,PP 
295,CC,CC 
296,CE,CT 
297,CC,PP 
298,CW,CW 
299,ED,ED 
300,ED,ED 
302,EO,PP 
303,CW,CW 
304,CC,IA 
305,ED,ED 
306,IA,IA 
307,CW,CW 
308,CC,PP 
309,CW,CW 
310,MT,CT 
311,EO,PP 
312,CC,EO 
313,MC,CW 
314,MT,CT 
315,CW,CW 
316,PP,CW 
317,PP,CT 
318,EO,IA 
319,ED,ED 
320,CE,CE 
321,EO,CE 
322,MT,CT 
323,ED,ED 
324,CW,PP 
325,CW,CT 
326,EO,IA 
327,CW,CW 
328,MT,CT 
329,MT,CT 
330,EO,PP 
332,CE,PP 
333,MC,EO 
334,MT,CT 
335,CE,CE 
336,PP,CW 
337,CC,PP 
338,MC,CT 
341,CC,PP 
342,MC,ED 
343,CC,ED 
344,CE,CE 
345,CE,CE 
346,CW,CC 
347,CE,CE 
348,CE,CE 
349,IA,ED 
350,CW,ED 
352,CE,CE 
353,CE,CE 
354,PP,IA 
355,ED,ED 
356,PP,MC 
357,MT,PP 
359,CE,CE 
360,CW,CW 
361,EO,ED 
362,CW,CW 
363,ED,ED 
364,CC,CW 
365,ED,ED 
366,CW,IA 
367,CW,CT 
368,CC,ED 
369,ED,ED 
370,EO,PP 
371,CE,CE 
372,EO,PP 
373,CC,MC 
374,PP,CE 
375,CW,IA 
376,CE,CE 
377,MC,CW 
378,CW,PP 
379,CC,CW 
380,CE,CE 
381,CE,CE 
382,MT,PP 
383,CW,CW 
384,MC,CW 
385,ED,CW 
386,CW,CW 
387,MT,PP 
388,CC,EO 
390,ED,PP 
391,CE,CC 
392,PP,CT 
393,MT,CT 
394,EO,ED 
396,MC,CW 
397,EO,MC 
398,MT,IA 
399,ED,ED 
400,CE,CE 
401,ED,IA 
402,PP,CE 
403,ED,ED 
404,MC,CE 
405,MC,ED 
406,CW,PP 
407,CW,CW 
408,EO,PP 
411,CW,PP 
413,IA,IA 
414,CC,PP 
416,PP,ED 
417,EO,PP 
418,ED,EO 
419,EO,CW 
420,MC,EO 
421,CE,MC 
422,IA,CW 
423,CC,ED 
424,MT,CT 
425,EO,PP 
427,MT,CW 
428,CE,PP 
429,CE,CE 
431,MT,CW 
432,CE,PP 
435,PP,PP 
437,PP,CE 
438,ED,ED 
439,IA,MC 
440,CW,ED 
442,PP,CT 
443,CE,CE 
444,EO,PP 
445,MC,MC 
446,CC,ED 
447,EO,PP 
448,CE,MC 
451,IA,IA 
452,CW,CW 
453,CE,CE 
454,CC,PP 
458,MC,CW 
459,PP,PP 
460,ED,MC 
461,MT,CT 
463,CE,CT 
464,IA,CC 
465,CW,ED 
466,CW,CW 
467,MT,CT 
468,CW,IA 
469,ED,ED 
471,IA,ED 
472,EO,PP 
473,IA,ED 
474,CW,PP 
475,PP,IA 
476,CW,PP 
477,EO,PP 
478,PP,CT 
479,CW,IA 
480,PP,CW 
481,IA,ED 
482,MT,PP 
483,MC,IA 
484,CE,CE 
485,CW,ED 
487,CW,CW 
489,IA,IA 
490,CC,CW 
491,MC,PP 
492,CC,PP 
494,PP,CW 
496,IA,CT 
497,CC,EO 
498,ED,CW 
499,CW,CW 
500,CE,CE 
501,MC,CW 
502,MC,CW 
503,MT,CT 
505,MC,MC 
508,CE,CE 
510,ED,IA 
511,ED,ED 
512,MC,CW 
513,ED,ED 
514,PP,CW 
515,ED,ED 
516,CE,CE 
517,CE,IA 
518,CE,CE 
519,PP,CE 
521,CC,CW 
522,CW,CT 
523,MC,MC 
524,ED,ED 
527,CC,PP 
528,CE,CE 
529,ED,ED 
530,ED,ED 
531,CW,CW 
533,MC,CW 
534,PP,ED 
535,MT,CT 
536,CE,IA 
537,CE,CE 
538,ED,ED 
539,MC,PP 
540,CE,IA 
541,IA,CT 
542,MT,CT 
543,CW,PP 
544,EO,PP 
545,CE,PP 
548,CC,PP 
549,PP,PP 
550,PP,PP 
551,CE,PP 
552,ED,IA 
553,EO,PP 
554,CC,EO 
555,CW,CW 
556,CW,CW 
557,ED,ED 
558,EO,MC 
559,CE,CE 
560,CW,ED 
561,PP,ED 
562,CC,PP 
564,MT,PP 
566,CW,CW 
567,IA,PP 
568,ED,ED 
569,CC,PP 
570,CC,PP 
571,MT,IA 
574,MT,CW 
576,CE,PP 
577,IA,IA 
578,CE,CE 
579,CE,CE 
582,PP,PP 
583,MC,MC 
584,PP,ED 
585,ED,ED 
586,MC,CW 
587,CW,CW 
588,IA,PP 
590,IA,IA 
591,MT,CT 
593,CE,IA 
594,MC,CW 
595,PP,IA 
596,CW,CW 
597,PP,CW 
598,MC,PP 
600,CC,EO 
601,EO,IA 
602,CE,CE 
603,ED,IA 
604,ED,ED 
605,IA,CW 
606,CC,MC 
608,PP,CC 
609,IA,CT 
611,CW,PP 
612,ED,PP 
613,CW,CW 
615,CW,ED 
616,CE,CW 
617,CE,IA 
618,ED,PP 
619,MT,EO 
620,MT,CW 
621,MC,MC 
622,CE,CE 
623,PP,CE 
624,MC,CW 
625,CE,CE 
626,MT,CT 
627,CW,CW 
628,PP,CW 
629,PP,CT 
630,EO,PP 
631,CC,CT 
632,PP,ED 
633,CW,CW 
635,ED,ED 
636,CW,ED 
638,ED,MC 
640,PP,EO 
641,IA,IA 
642,PP,PP 
643,CE,CW 
644,IA,IA 
646,CC,EO 
647,MT,CW 
648,MT,CW 
649,EO,CW 
651,IA,IA 
652,PP,CT 
654,MC,MC 
655,CC,CW 
656,MT,CT 
657,CE,CE 
658,ED,PP 
659,EO,PP 
660,CW,PP 
661,CC,EO 
662,CC,PP 
663,MT,CT 
664,MT,PP 
665,CE,CE 
666,EO,PP 
667,MC,PP 
668,IA,IA 
671,CE,PP 
673,PP,PP 
674,CE,CE 
675,IA,CW 
676,MC,MC 
677,EO,PP 
678,MC,PP 
680,MC,CT 
682,CC,ED 
683,PP,CW 
685,ED,MC 
686,CE,CE 
687,CC,PP 
688,ED,ED 
689,CW,PP 
690,ED,PP 
691,ED,ED 
692,MT,CT 
693,CE,CE 
695,MT,CT 
696,EO,IA 
697,MT,EO 
698,CW,CW 
699,EO,PP 
700,ED,ED 
702,ED,ED 
703,PP,PP 
704,CE,CW 
705,CW,CW 
706,CE,CE 
707,ED,ED 
709,CW,CE 
711,MT,CW 
712,MT,PP 
713,MT,CT 
714,CE,CE 
715,PP,IA 
717,MT,CW 
718,MC,CW 
719,CE,CE 
721,IA,CW 
722,ED,ED 
723,ED,EO 
725,MC,CW 
726,ED,ED 
727,PP,PP 
728,CW,CW 
729,EO,IA 
730,MC,IA 
731,EO,IA 
732,IA,IA 
733,CC,MC 
735,ED,ED 
736,CE,CE 
737,MT,CW 
738,MC,CT 
739,MT,CT 
740,MT,IA 
743,MT,CT 
744,MC,CE 
745,ED,IA 
746,CE,CE 
747,MC,PP 
748,ED,ED 
749,MT,CT 
750,ED,CE 
751,ED,CW 
752,EO,PP 
753,CC,PP 
754,ED,ED 
755,PP,ED 
756,CE,CE 
757,ED,ED 
758,CE,CT 
759,ED,ED 
760,EO,PP 
761,CC,PP 
762,MC,CC 
763,EO,PP 
764,CW,CW 
765,MT,PP 
766,PP,IA 
767,ED,ED 
769,CW,PP 
770,ED,ED 
771,EO,PP 
772,CE,CE 
773,MT,CW 
774,MT,CT 
776,CE,CE 
777,PP,CT 
778,MC,MC 
779,MT,CT 
782,MT,PP 
783,MT,CT 
784,ED,ED 
785,ED,ED 
787,ED,ED 
788,ED,ED 
789,CW,CW 
790,MC,CW 
792,PP,CW 
793,IA,IA 
794,ED,ED 
795,ED,ED 
796,ED,PP 
797,MT,IA 
798,CC,PP 
799,IA,CW 
800,MC,IA 
801,ED,ED 
802,CE,CE 
803,ED,ED 
804,CC,CE 
805,CW,CW 
806,CE,PP 
807,PP,IA 
808,CW,CW 
809,CE,CE 
810,CE,CE 
811,CE,CE 
812,ED,ED 
813,ED,ED 
814,CW,CW 
815,ED,ED 
817,CE,CT 
818,CC,CT 
819,CW,IA 
820,CW,PP 
822,ED,EO 
823,CW,CW 
824,MT,PP 
825,CE,CE 
826,EO,PP 
827,PP,CT 
828,CE,CE 
829,CC,PP 
830,CC,ED 
831,MC,CW 
833,ED,ED 
835,ED,ED 
837,CE,PP 
838,CW,CW 
839,CW,CW 
840,MT,PP 
842,CC,ED 
843,IA,IA 
844,MC,MC 
845,IA,IA 
846,EO,ED 
847,MT,CW 
850,MT,CT 
852,MT,CT 
853,ED,ED 
854,CW,PP 
855,ED,PP 
856,MT,PP 
857,EO,ED 
858,CE,CE 
859,PP,IA 
862,CC,ED 
863,ED,ED 
864,PP,CW 
865,EO,EO 
867,ED,EO 
869,IA,IA 
870,CW,CW 
871,EO,PP 
872,EO,IA 
873,CW,CE 
874,MC,CT 
875,CC,CW 
876,MT,IA 
877,CE,CE 
878,CE,CE 
879,IA,PP 
880,ED,ED 
882,MT,CT 
883,EO,IA 
885,CW,PP 
887,PP,IA 
888,CC,EO 
889,CC,EO 
890,MT,CT 
891,MC,PP 
892,MC,CC 
893,EO,EO 
895,IA,IA 
896,MT,CW 
897,CE,CC 
899,ED,ED 
900,EO,PP 
901,CC,EO 
902,CC,EO 
903,MC,PP 
904,EO,PP 
905,CC,ED 
906,PP,CW 
907,ED,ED 
908,ED,IA 
909,MC,CE 
912,CE,IA 
914,ED,ED 
915,ED,PP 
916,ED,IA 
917,CE,CE 
918,MC,CE 
919,IA,IA 
921,CW,CW 
923,MC,CW 
924,CW,CW 
925,MC,MC 
926,CC,EO 
927,MC,PP 
928,ED,ED 
929,CW,PP 
930,EO,CW 
931,CW,CW 
933,CW,ED 
935,CC,EO 
937,IA,ED 
938,CW,CW 
939,IA,IA 
941,MT,CW 
942,EO,PP 
943,MT,CT 
944,CC,PP 
945,ED,EO 
946,PP,CT 
947,PP,IA 
948,MC,IA 
949,PP,ED 
950,ED,PP 
951,EO,CT 
953,MC,CE 
955,CE,CE 
956,MC,CT 
959,CE,CE 
960,MT,EO 
962,ED,ED 
963,CE,CW 
964,MT,CT 
965,CW,CW 
966,CW,PP 
967,ED,CC 
970,CE,CE 
971,PP,PP 
972,ED,ED 
974,CW,CW 
975,CC,EO 
976,CE,CE 
977,PP,PP 
978,CE,CE 
979,CE,CE 
980,CE,CE 
981,CE,IA 
983,PP,CE 
984,ED,CT 
985,ED,ED 
986,EO,CT 
987,MC,CT 
988,CW,IA 
989,ED,ED 
990,ED,ED 
991,CW,ED 
992,ED,CW 
994,MT,ED 
995,CE,CE 
996,CE,CE 
997,CC,MC 
998,MT,CT 
999,IA,EO 
1000,ED,ED 
1001,ED,ED 
1002,MC,PP 
1003,CE,CE 
1004,MC,CT 
1005,EO,PP 
1007,EO,ED 
1008,CC,EO 
1009,EO,PP 
1010,EO,PP 
1011,CW,CT 
1012,CW,IA 
1013,CW,PP 
1015,CW,CW 
1016,PP,CW 
1017,ED,ED 
1018,EO,PP 
1019,MT,PP 
1020,MC,MC 
1021,MT,MC 
1023,CE,CE 
1024,CC,CC 
1025,CC,CW 
1027,MC,CW 
1028,EO,MC 
1029,PP,CT 
1030,MC,PP 
1031,IA,IA 
1032,EO,PP 
1033,CC,EO 
1034,ED,ED 
1035,CE,PP 
1037,EO,CE 
1039,CE,CE 
1040,EO,PP 
1041,MC,MC 
1042,MC,EO 
1044,PP,ED 
1045,CE,CE 
1046,MT,CT 
1047,CW,IA 
1049,CC,CW 
1051,MT,CT 
1052,CE,CE 
1053,CC,PP 
1054,MC,CW 
1055,PP,MC 
1056,ED,CW 
1057,PP,CW 
1058,CE,CE 
1060,PP,CW 
1061,MT,CT 
1062,CE,CE 
1063,EO,PP 
1064,CE,PP 
1065,ED,ED 
1066,MC,PP 
1067,CW,CW 
1068,MC,CW 
1069,CC,CW 
1071,CW,CW 
1072,ED,ED 
1073,PP,CT 
1074,IA,CW 
1075,ED,ED 
1076,CW,PP 
1078,ED,ED 
1079,EO,PP 
1080,IA,IA 
1081,CE,PP 
1083,MT,CW 
1085,EO,IA 
1087,MT,ED 
1088,MC,CW 
1090,CC,CC 
1091,CC,ED 
1092,MC,CW 
1094,CE,CE 
1095,CC,EO 
1096,IA,IA 
1097,CW,CW 
1098,PP,CW 
1099,EO,PP 
1101,CC,CW 
1102,PP,CT 
1103,MC,MC 
1104,MC,ED 
1107,MT,CE 
1108,CE,CE 
1109,MC,IA 
1111,IA,IA 
1112,CC,EO 
1113,ED,ED 
1114,ED,ED 
1115,CW,ED 
1116,EO,PP 
1117,CE,CC 
1118,CW,CW 
1120,CC,CW 
1121,CC,ED 
1123,ED,EO 
1124,CW,CE 
1125,MT,CW 
1126,ED,ED 
1127,EO,PP 
1130,MC,CW 
1131,MT,CT 
1132,MC,CW 
1133,CW,IA 
1134,MT,CT 
1135,EO,PP 
1136,ED,ED 
1137,CC,EO 
1138,MT,CT 
1139,CE,ED 
1140,CW,ED 
1141,IA,PP 
1142,IA,PP 
1144,PP,IA 
1147,PP,CW 
1148,MT,CT 
1150,CW,CW 
1151,CC,MC 
1152,ED,MC 
1153,ED,ED 
1154,MT,CW 
1155,IA,IA 
1156,CW,CW 
1157,CC,PP 
1158,MT,CW 
1159,EO,CE 
1160,MC,CW 
1161,MC,CW 
1162,ED,PP 
1163,ED,ED 
1165,PP,ED 
1166,MT,CW 
1168,CE,CE 
1170,ED,CT 
1171,ED,ED 
1172,IA,PP 
1173,CC,PP 
1174,PP,MC 
1175,MT,CT 
1176,IA,CW 
1177,EO,ED 
1178,MT,CW 
1179,MC,MC 
1180,EO,PP 
1181,IA,ED 
1182,PP,IA 
1183,CE,CE 
1184,MC,CT 
1185,MC,PP 
1186,ED,ED 
1187,EO,PP 
1188,MT,CW 
1189,CC,PP 
1190,CW,IA 
1191,IA,IA 
1193,PP,MC 
1194,ED,ED 
1195,EO,ED 
1196,ED,PP 
1197,EO,PP 
1198,PP,MC 
1199,CW,CW 
1200,ED,ED 
1201,CC,EO 
1202,CE,CE 
1203,CW,ED 
1204,EO,PP 
1205,PP,CE 
1206,PP,CW 
1207,CW,MC 
1208,EO,PP 
1209,CC,PP 
1210,CC,CT 
1213,MT,CT 
1214,IA,IA 
1215,CW,CE 
1216,ED,ED 
1217,CC,EO 
1218,EO,PP 
1219,CW,IA 
1220,CE,CE 
1222,CE,CE 
1223,CW,CW 
1225,CW,EO 
1226,MT,PP 
1228,MC,PP 
1230,CE,CE 
1231,CC,EO 
1232,ED,PP 
1233,EO,PP 
1234,EO,PP 
1237,PP,CW 
1238,CW,CW 
1240,EO,ED 
1241,CC,PP 
1242,ED,ED 
1243,PP,CT 
1244,ED,PP 
1245,CE,CE 
1247,CE,CE 
1248,CE,IA 
1249,CE,CE 
1250,PP,CE 
1252,CE,CE 
1253,MC,MC 
1254,CW,PP 
1255,CE,CE 
1256,MT,PP 
1257,CW,CW 
1259,CW,CW 
1260,PP,CT 
1261,CE,CE 
1262,CC,EO 
1264,ED,ED 
1265,ED,ED 
1266,MC,ED 
1268,MC,CW 
1269,CW,PP 
1270,MC,MC 
1271,MC,CW 
1272,IA,ED 
1273,CE,CW 
1277,MT,ED 
1278,CC,EO 
1279,EO,PP 
1280,CW,CW 
1282,CW,CW 
1285,ED,ED 
1286,MC,MC 
1287,CW,CW 
1288,PP,CW 
1289,MT,CT 
1290,CC,EO 
1291,ED,ED 
1292,IA,CE 
1293,CE,PP 
1294,CC,EO 
1295,ED,CT 
1296,CE,CE 
1297,MT,CT 
1299,PP,CC 
1300,CC,PP 
1302,ED,IA 
1303,IA,IA 
1304,CW,PP 
1305,CE,CE 
1306,MT,IA 
1308,PP,CT 
1309,CW,CW 
1310,MC,PP 
1311,ED,ED 
1313,ED,ED 
1314,EO,PP 
1315,PP,PP 
1316,MC,PP 
1317,CW,CW 
1318,MC,MC 
1319,MC,PP 
1320,MT,CW 
1321,ED,ED 
1322,ED,PP 
1323,MT,IA 
1324,PP,CW 
1325,ED,CW 
1326,MC,ED 
1327,CE,CE 
1329,ED,ED 
1330,CW,CW 
1331,MC,IA 
1333,MT,CT 
1334,ED,ED 
1335,PP,CW 
1339,CW,CW 
1340,CW,PP 
1341,ED,ED 
1342,CW,IA 
1343,IA,CW 
1345,CC,EO 
1346,MC,MC 
1348,CW,CW 
1350,EO,PP 
1351,CE,CE 
1352,IA,IA 
1353,ED,ED 
1354,MT,CT 
1355,ED,ED 
1356,CW,CW 
1357,CC,CW 
1358,CC,PP 
1360,CW,PP 
1361,CW,CW 
1362,PP,CW 
1363,EO,PP 
1364,CE,CE 
1365,CW,CW 
1366,IA,MC 
1367,MC,PP 
1368,ED,ED 
1369,MT,CT 
1370,CW,CT 
1371,MC,PP 
1372,CE,CT 
1373,MC,IA 
1374,EO,PP 
1375,CE,CE 
1376,EO,PP 
1377,ED,PP 
1378,EO,PP 
1379,MT,CC 
1380,MC,PP 
1381,CW,CE 
1383,MC,IA 
1384,EO,PP 
1385,CW,CW 
1386,CW,PP 
1387,PP,PP 
1388,EO,ED 
1389,CE,PP 
1390,ED,CT 
1391,CE,CE 
1392,CC,PP 
1393,ED,ED 
1394,CE,CE 
1395,CC,EO 
1396,CW,EO 
1398,CE,CE 
1399,MC,PP 
1400,ED,ED 
1401,EO,PP 
1402,IA,PP 
1404,CE,CE 
1405,CW,CW 
1406,CE,CE 
1407,MC,MC 
1408,CE,PP 
1409,CC,EO 
1410,CW,CW 
1411,CE,CE 
1412,CE,IA 
1413,CW,CW 
1414,PP,PP 
1415,MC,CT 
1416,CW,CW 
1417,MC,CW 
1418,CW,MC 
1420,IA,IA 
1422,CW,PP 
1424,EO,PP 
1425,CC,EO 
1426,CE,CE 
1427,ED,ED 
1428,PP,PP 
1429,MC,CW 
1430,MT,EO 
1431,MC,PP 
1433,ED,ED 
1434,MT,CC 
1435,CE,CE 
1436,CE,PP 
1437,CE,CE 
1438,ED,ED 
1441,EO,IA 
1442,ED,ED 
1444,IA,IA 
1445,PP,CT 
1446,CE,CE 
1447,CE,CE 
1448,CW,CT 
1449,MC,IA 
1451,PP,CW 
1452,IA,CT 
1453,PP,IA 
1454,MC,PP 
1455,EO,MC 
1456,ED,ED 
1457,IA,IA 
1459,ED,CT 
1460,EO,CE 
1462,MC,CW 
1463,MC,CC 
1464,MT,CT 
1465,CW,ED 
1466,CC,MC 
1467,ED,ED 
1468,CW,CW 
1469,MC,PP 
1470,PP,CT 
1472,EO,IA 
1474,CE,CE 
1476,EO,MC 
1477,PP,ED 
1479,MC,EO 
1480,IA,CE 
1481,PP,IA 
1482,ED,ED 
1483,EO,ED 
1484,PP,ED 
1485,ED,ED 
1488,MT,PP 
1489,MT,CT 
1490,ED,ED 
1492,MC,CW 
1494,EO,CE 
1495,MT,CT 
1496,MC,ED 
1497,CW,CT 
1498,MT,CT 
1500,PP,PP 
1501,ED,ED 
1502,MC,CT 
1503,MC,MC 
1504,ED,ED 
1505,MT,CW 
1506,PP,EO 
1507,IA,MC 
1508,CC,CW 
1510,ED,ED 
1511,EO,EO 
1512,CE,CT 
1513,ED,ED 
1514,PP,PP 
1515,EO,ED 
1516,CW,ED 
1517,CE,CE 
1518,CC,EO 
1519,CW,CW 
1520,MC,PP 
1521,CE,CE 
1522,CE,PP 
1523,CE,CE 
1526,IA,IA 
1528,EO,PP 
1529,IA,PP 
1530,MT,PP 
1531,MC,ED 
1532,IA,ED 
1534,ED,ED 
1535,CE,CE 
1537,CE,CE 
1539,CW,CT 
1540,CW,MC 
1541,CE,PP 
1542,MT,CT 
1543,ED,PP 
1544,PP,IA 
1545,CE,PP 
1546,MC,CT 
1547,CE,CE 
1548,EO,PP 
1549,IA,ED 
1550,PP,PP 
1551,EO,PP 
1553,CE,CE 
1554,CW,CW 
1555,CC,ED 
1556,EO,PP 
1557,CW,CW 
1558,ED,ED 
1559,IA,IA 
1560,PP,CE 
1561,MT,EO 
1562,EO,CW 
1563,MT,PP 
1565,CC,EO 
1566,CW,CW 
1567,MC,IA 
1568,ED,ED 
1569,ED,ED 
1570,MT,IA 
1571,CE,PP 
1572,CW,MC 
1573,CE,CE 
1574,CE,CE 
1576,CW,ED 
1577,ED,ED 
1578,MT,CW 
1579,EO,PP 
1580,CE,IA 
1581,EO,IA 
1582,EO,CW 
1583,ED,ED 
1584,MT,CT 
1587,MC,CE 
1588,EO,PP 
1589,CC,PP 
1591,MT,CT 
1592,MC,ED 
1593,MT,CW 
1594,CW,CW 
1595,CE,CE 
1596,MC,IA 
1597,CW,CW 
1598,PP,IA 
1600,PP,PP 
1601,ED,ED 
1602,EO,PP 
1603,CE,IA 
1604,MC,IA 
1605,EO,PP 
1606,MT,CW 
1608,ED,MC 
1609,MC,CW 
1610,EO,ED 
1611,MC,IA 
1612,PP,PP 
1613,MC,PP 
1614,CW,CW 
1615,CW,IA 
1616,CE,CE 
1617,CC,PP 
1618,ED,CW 
1619,PP,CW 
1620,MT,IA 
1622,CW,IA 
1623,PP,MC 
1625,EO,CC 
1626,CC,EO 
1627,PP,PP 
1628,MC,CT 
1629,CE,CE 
1631,CC,PP 
1632,CW,CW 
1633,CE,CE 
1634,ED,ED 
1636,ED,ED 
1637,CW,CW 
1641,IA,CE 
1642,CE,PP 
1643,CC,PP 
1644,ED,ED 
1645,CE,CE 
1647,IA,IA 
1648,CC,EO 
1649,CE,PP 
1650,CW,IA 
1651,CE,IA 
1652,ED,ED 
1653,MC,PP 
1655,MC,CW 
1657,CE,CE 
1659,MT,CW 
1660,MT,PP 
1661,CW,ED 
1662,ED,ED 
1664,MC,CT 
1665,ED,MC 
1667,MT,IA 
1668,CC,EO 
1669,MC,MC 
1670,CE,CE 
1671,CC,PP 
1672,CC,MC 
1674,CW,ED 
1675,ED,EO 
1676,CE,CE 
1677,PP,MC 
1678,CW,ED 
1679,EO,PP 
1680,CW,PP 
1681,CC,EO 
1682,MC,CT 
1684,ED,ED 
1685,CE,CW 
1687,PP,IA 
1688,CE,CE 
1689,ED,ED 
1690,MC,IA 
1691,MT,CT 
1692,EO,IA 
1693,MT,CT 
1694,EO,CE 
1696,IA,ED 
1697,EO,PP 
1698,CE,CE 
1699,CE,CE 
1702,CW,IA 
1703,MT,CT 
1704,CE,PP 
1705,CW,PP 
1706,CE,PP 
1708,PP,CE 
1709,CC,CW 
1710,CC,PP 
1711,EO,PP 
1713,MT,PP 
1714,CC,PP 
1715,IA,ED 
1716,MC,MC 
1717,PP,CW 
1718,CC,ED 
1719,CE,PP 
1720,PP,CE 
1721,MT,CT 
1722,ED,ED 
1724,CW,CT 
1725,EO,PP 
1726,CW,IA 
1727,ED,ED 
1728,CE,CC 
1731,EO,ED 
1732,CW,IA 
1733,MC,IA 
1734,IA,MC 
1735,EO,PP 
1736,EO,CE 
1737,EO,PP 
1738,PP,IA 
1739,MC,IA 
1740,CW,PP 
1741,PP,IA 
1742,CW,CT 
1743,CW,CW 
1744,PP,ED 
1745,ED,ED 
1746,IA,MC 
1747,CE,PP 
1748,IA,IA 
1749,IA,CT 
1750,ED,EO 
1751,ED,ED 
1752,CC,CW 
1753,MC,PP 
1754,PP,EO 
1755,PP,PP 
1756,ED,ED 
1757,EO,PP 
1758,CE,CE 
1759,EO,PP 
1760,CC,CW 
1761,ED,CT 
1762,EO,CW 
1763,ED,MC 
1764,CE,CE 
1765,CE,CE 
1766,MT,CW 
1767,MC,CW 
1769,IA,MC 
1770,CE,CE 
1772,PP,CE 
1773,PP,CT 
1775,ED,IA 
1777,EO,PP 
1778,CE,CE 
1779,EO,CE 
1780,CE,PP 
1781,EO,CT 
1783,CW,PP 
1784,CE,CE 
1785,CE,CE 
1787,MC,CT 
1788,CW,CW 
1789,CC,EO 
1790,EO,ED 
1792,EO,IA 
1793,EO,CT 
1796,MC,CW 
1798,MC,CW 
1799,CW,CW 
1800,MT,EO 
1802,MT,CT 
1803,CW,CW 
1804,ED,ED 
1805,ED,MC 
1807,CW,CW 
1808,MC,CT 
1809,ED,CT 
1810,CC,PP 
1811,CE,CE 
1812,EO,PP 
1813,MT,CT 
1814,CW,CW 
1815,CE,CE 
1816,MT,CT 
1817,IA,CW 
1819,PP,CE 
1821,CC,EO 
1822,MT,PP 
1823,EO,PP 
1824,PP,CW 
1825,IA,CW 
1826,CE,CE 
1827,EO,CW 
1828,CE,CE 
1829,MC,CW 
1830,EO,CW 
1831,PP,CT 
1832,CC,PP 
1833,ED,MC 
1834,MC,PP 
1835,CW,CW 
1837,MC,MC 
1838,CW,CW 
1840,CW,CW 
1841,PP,CE 
1842,CW,CT 
1844,MT,CW 
1845,MC,CE 
1846,MT,CT 
1847,CW,IA 
1850,EO,IA 
1851,ED,ED 
1852,PP,CW 
1853,CC,PP 
1854,MC,CT 
1855,EO,PP 
1857,MT,CC 
1859,CW,CE 
1861,ED,ED 
1862,IA,IA 
1864,MC,CE 
1865,PP,MC 
1866,CE,CW 
1867,CW,CW 
1868,CW,PP 
1869,CW,EO 
1870,ED,ED 
1871,PP,PP 
1872,MT,CT 
1874,MC,PP 
1875,CE,CE 
1876,ED,ED 
1878,MC,PP 
1879,MC,PP 
1880,CW,CW 
1881,EO,PP 
1882,IA,CT 
1883,ED,ED 
1884,EO,IA 
1885,PP,CE 
1886,CW,PP 
1887,PP,CW 
1888,EO,PP 
1889,CE,CE 
1890,EO,ED 
1891,MC,IA 
1892,CE,PP 
1895,MT,CT 
1896,MT,IA 
1897,CE,PP 
1898,EO,PP 
1899,PP,PP 
1901,IA,IA 
1902,PP,CT 
1903,PP,CW 
1904,CW,IA 
1905,CE,CE 
1906,MT,CT 
1907,IA,CW 
1908,MT,CT 
1909,CW,CW 
1910,MT,CE 
1911,MT,PP 
1912,CC,ED 
1913,CW,PP 
1914,IA,CT 
1916,PP,PP 
1917,CE,CE 
1918,ED,CT 
1920,MC,CW 
1921,MC,MC 
1922,CE,PP 
1923,MC,CW 
1924,CW,CW 
1925,CW,PP 
1926,MT,CW 
1927,MC,MC 
1928,MC,PP 
1929,CW,CC 
1931,CW,PP 
1932,MT,PP 
1933,CW,IA 
1934,EO,CW 
1935,CE,CE 
1937,IA,CT 
1938,CE,PP 
1939,IA,IA 
1941,CE,PP 
1942,CC,CE 
1943,PP,CT 
1944,ED,IA 
1945,CC,PP 
1946,CE,CE 
1947,MC,PP 
1948,CE,IA 
1949,CW,ED 
1950,ED,ED 
1951,CC,EO 
1952,MC,IA 
1954,PP,CE 
1955,PP,CW 
1956,CC,PP 
1958,ED,ED 
1960,MC,MC 
1961,CW,CW 
1962,MC,PP 
1963,CW,CW 
1965,EO,ED 
1967,EO,EO 
1969,ED,ED 
1970,MT,CT 
1971,CE,CE 
1972,CC,EO 
1974,IA,IA 
1975,ED,ED 
1976,EO,ED 
1977,CC,EO 
1978,MT,PP 
1979,MC,CE 
1980,PP,MC 
1981,ED,ED 
1982,MT,CC 
1983,CE,ED 
1984,CW,CW 
1985,CW,PP 
1987,CE,CE 
1988,MT,PP 
1989,MC,CW 
1990,CW,ED 
1991,ED,IA 
1992,MT,CT 
1993,IA,IA 
1994,CW,PP 
1996,PP,PP 
1997,MC,PP 
1999,CC,EO 
2000,MT,CT 
2001,CE,CE 
2002,ED,ED 
2005,CW,PP 
2009,CW,MC 
2010,ED,CT 
2011,MT,CT 
2012,PP,CT 
2013,MT,CT 
2014,CE,CE 
2015,EO,IA 
2016,MT,CT 
2017,CC,IA 
2018,MC,CW 
2019,MT,CT 
2020,MC,CC 
2021,CE,CT 
2023,CW,CW 
2025,ED,ED 
2026,MC,IA 
2027,MT,CT 
2028,CE,CE 
2029,CE,CE 
2030,EO,PP 
2031,CC,PP 
2032,MT,CT 
2033,CC,EO 
2034,CC,EO 
2035,ED,ED 
2036,MT,MC 
2038,MC,IA 
2039,ED,ED 
2040,ED,IA 
2041,CE,CE 
2043,ED,ED 
2045,CW,MC 
2046,PP,ED 
2050,EO,PP 
2051,ED,IA 
2052,CC,CW 
2053,ED,ED 
2054,ED,ED 
2055,ED,ED 
2056,ED,EO 
2057,CE,CE 
2058,PP,ED 
2059,PP,ED 
2060,ED,PP 
2061,MT,PP 
2062,IA,PP 
2063,EO,PP 
2064,ED,ED 
2065,ED,ED 
2066,CW,CW 
2067,CE,CE 
2068,EO,IA 
2070,CE,IA 
2071,CC,EO 
2072,CW,CW 
2073,CE,CE 
2075,MC,CW 
2076,CW,CW 
2080,CW,CW 
2081,CW,CW 
2082,ED,ED 
2083,ED,CE 
2084,IA,CW 
2085,EO,PP 
2086,MC,IA 
2087,ED,IA 
2088,EO,CE 
2089,MC,PP 
2092,ED,ED 
2093,CW,EO 
2094,CE,CE 
2095,EO,PP 
2096,MT,CT 
2097,MT,CW 
2098,MT,PP 
2099,CE,CE 
2101,CE,ED 
2102,PP,CW 
2103,CE,PP 
2105,IA,CT 
2106,MT,PP 
2107,MT,CT 
2108,CW,CW 
2109,ED,ED 
2111,CE,CE 
2112,IA,IA 
2113,CW,CW 
2114,CW,CW 
2115,MT,CT 
2116,MC,ED 
2117,ED,ED 
2118,CE,PP 
2119,CW,CW 
2120,MT,CT 
2122,EO,CE 
2123,MT,CW 
2124,MT,IA 
2126,PP,IA 
2128,MT,CT 
2129,CE,CE 
2130,PP,CT 
2131,MC,CW 
2132,EO,PP 
2134,CW,CW 
2135,CE,CE 
2137,IA,PP 
2138,CE,CE 
2139,CW,PP 
2140,CW,CW 
2141,ED,ED 
2142,MC,IA 
2143,MT,CT 
2144,CW,IA 
2145,MC,IA 
2146,PP,PP 
2148,CW,CW 
2149,EO,PP 
2150,MT,CT 
2151,MC,IA 
2152,ED,IA 
2153,MC,CW 
2154,PP,CT 
2155,CW,CW 
2156,MC,CW 
2157,MC,CC 
2160,CE,CE 
2161,MC,IA 
2162,ED,ED 
2164,ED,ED 
2166,PP,IA 
2167,CE,CE 
2168,CW,CW 
2169,MT,CT 
2170,IA,ED 
2171,CE,CE 
2172,ED,ED 
2174,IA,CW 
2176,EO,PP 
2177,CC,PP 
2178,ED,ED 
2179,IA,CC 
2180,EO,PP 
2181,ED,MC 
2182,PP,PP 
2183,CE,CE 
2184,MC,CC 
2185,ED,EO 
2186,MT,PP 
2187,MT,CW 
2188,MC,CC 
2189,CE,CE 
2190,CW,CW 
2191,MC,ED 
2192,CE,CE 
2193,CW,CW 
2194,CW,CW 
2195,CW,CW 
2196,MT,CT 
2197,CC,PP 
2198,CE,CE 
2199,MC,IA 
2200,ED,ED 
2201,ED,ED 
2202,EO,PP 
2203,CE,CE 
2204,CW,CT 
2205,ED,PP 
2206,CW,PP 
2207,CE,CE 
2208,PP,CT 
2210,CE,CE 
2211,MT,IA 
2212,CE,CE 
2213,EO,PP 
2214,MC,MC 
2215,IA,CW 
2216,PP,PP 
2217,EO,PP 
2220,CC,PP 
2221,CE,CE 
2223,IA,CC 
2224,CW,CW 
2225,MT,CE 
2227,EO,ED 
2228,CW,IA 
2229,EO,PP 
2232,EO,ED 
2233,CE,CE 
2234,MT,CW 
2235,CC,ED 
2236,PP,IA 
2237,EO,PP 
2238,MT,PP 
2239,CC,EO 
2240,EO,PP 
2241,MC,IA 
2243,PP,CE 
2246,MC,EO 
2248,CC,CW 
2249,MT,IA 
2251,PP,IA 
2252,EO,ED 
2254,CE,CE 
2255,PP,CT 
2256,EO,PP 
2257,CW,CE 
2258,CW,PP 
2259,CE,CE 
2260,CE,CE 
2261,CW,IA 
2262,MC,ED 
2263,MC,CC 
2264,CC,PP 
2265,MC,CW 
2266,CC,ED 
2269,ED,ED 
2270,MC,MC 
2273,EO,PP 
2274,IA,IA 
2275,ED,ED 
2276,CW,CW 
2277,MT,CT 
2278,EO,ED 
2279,EO,PP 
2280,CC,ED 
2281,CW,IA 
2282,CC,PP 
2284,MT,CW 
2285,CE,CE 
2286,CW,ED 
2287,CE,MC 
2288,MC,CW 
2290,CE,CE 
2291,MC,MC 
2292,CE,CE 
2293,EO,ED 
2294,CE,IA 
2295,EO,CE 
2296,CC,CC 
2297,ED,ED 
2298,MC,CT 
2299,ED,ED 
2300,EO,PP 
2301,EO,CT 
2303,MT,CT 
2305,CW,IA 
2307,CC,EO 
2308,MT,CT 
2309,EO,PP 
2310,IA,CT 
2311,EO,IA 
2312,ED,PP 
2313,CW,PP 
2315,CW,IA 
2316,CW,CW 
2318,CC,CW 
2319,ED,IA 
2320,EO,PP 
2321,MT,PP 
2322,CE,CE 
2324,CW,PP 
2325,CE,CE 
2326,MC,CC 
2327,ED,IA 
2328,MC,MC 
2329,ED,ED 
2330,MT,CT 
2331,CE,CT 
2332,CE,CE 
2333,CW,PP 
2335,CE,CE 
2336,CE,CE 
2338,MC,CW 
2339,CE,CE 
2340,MT,CT 
2341,CE,PP 
2342,CC,CC 
2343,PP,CE 
2344,CE,CE 
2345,PP,MC 
2346,CW,IA 
2347,CC,EO 
2348,ED,ED 
2349,MC,ED 
2350,CE,CE 
2352,CE,CE 
2353,IA,CW 
2354,ED,IA 
2355,CC,CW 
2356,PP,CW 
2357,CC,CW 
2359,CW,CW 
2360,ED,PP 
2361,CE,CE 
2362,ED,ED 
2363,CW,PP 
2364,ED,ED 
2365,EO,PP 
2367,CW,CW 
2368,CE,CE 
2369,ED,ED 
2370,ED,ED 
2371,MC,IA 
2372,ED,MC 
2373,CE,CE 
2374,IA,IA 
2376,CW,CT 
2377,CE,CE 
2378,CE,CE 
2379,MT,CE 
2380,EO,IA 
2381,MC,IA 
2382,CW,CW 
2384,CW,CW 
2385,MC,MC 
2386,MC,CW 
2392,CC,EO 
2393,CC,EO 
2394,CC,EO 
2395,CW,PP 
2396,CW,CW 
2397,CC,EO 
2398,CW,CW 
2399,CW,CW 
2400,CW,CC 
2402,CC,PP 
2404,ED,PP 
2406,EO,CE 
2407,MT,CT 
2408,CE,CE 
2409,ED,ED 
2410,CE,CW 
2411,CW,CW 
2412,CC,EO 
2413,MC,IA 
2414,MT,PP 
2415,CE,CE 
2416,PP,MC 
2417,CW,IA 
2418,CE,CE 
2419,CE,CE 
2420,IA,ED 
2421,PP,ED 
2423,CW,MC 
2424,ED,ED 
2426,IA,IA 
2427,ED,ED 
2428,EO,PP 
2429,CW,PP 
2432,CC,CW 
2433,EO,CE 
2434,MT,CT 
2435,CE,CE 
2436,CE,CW 
2437,EO,MC 
2438,CE,CE 
2439,CC,CE 
2440,IA,CW 
2443,CW,PP 
2444,PP,CT 
2445,ED,ED 
2446,MC,CC 
2447,CE,CE 
2448,ED,ED 
2449,MC,CW 
2450,MC,CW 
2451,MT,CW 
2452,IA,CW 
2453,PP,PP 
2455,CC,PP 
2456,CW,CW 
2457,PP,PP 
2458,MC,CC 
2459,CW,CW 
2460,CE,CW 
2461,ED,ED 
2463,MT,CT 
2464,ED,ED 
2465,MT,CT 
2466,ED,IA 
2468,ED,ED 
2469,MC,PP 
2470,IA,CW 
2471,MT,CT 
2474,MT,CT 
2475,CC,PP 
2477,PP,CE 
2478,CW,CT 
2480,CE,CE 
2482,MT,CC 
2483,CC,CW 
2484,MT,CT 
2486,CE,CE 
2487,CW,CW 
2488,PP,CW 
2489,MT,PP 
2491,PP,CE 
2492,EO,MC 
2493,CW,CW 
2494,MC,PP 
2495,CC,ED 
2498,MC,PP 
2500,CW,CW 
2501,IA,ED 
2502,CE,CE 
2505,IA,IA 
2506,MC,CW 
2508,CW,CW 
2509,CW,CE 
2510,CC,PP 
2511,ED,EO 
2512,MT,CT 
2513,CW,IA 
2514,IA,MC 
2515,PP,ED 
2518,ED,ED 
2519,ED,EO 
2520,MC,IA 
2521,EO,ED 
2522,MT,CT 
2523,CW,CW 
2524,EO,CW 
2525,ED,ED 
2526,ED,ED 
2527,CE,CE 
2528,MC,CW 
2529,MC,PP 
2530,EO,PP 
2531,CW,EO 
2532,CW,IA 
2534,EO,CC 
2535,MC,PP 
2536,CC,IA 
2538,CC,EO 
2539,PP,IA 
2540,EO,PP 
2541,CC,PP 
2542,ED,ED 
2543,CC,EO 
2544,MT,CT 
2545,CC,CW 
2547,EO,PP 
2548,PP,ED 
2549,EO,PP 
2551,ED,ED 
2552,MT,MC 
2553,MT,CT 
2554,IA,IA 
2555,CE,CE 
2556,ED,ED 
2557,ED,CW 
2558,MT,CT 
2560,EO,CC 
2562,CE,IA 
2563,IA,IA 
2564,MT,CW 
2565,PP,CW 
2566,IA,CW 
2567,ED,ED 
2568,MC,IA 
2569,EO,IA 
2570,EO,IA 
2571,MT,CT 
2572,MT,CT 
2573,CE,CE 
2574,CW,CE 
2576,CW,PP 
2577,IA,IA 
2578,CW,CW 
2579,CW,CW 
2580,MT,CT 
2581,PP,CT 
2582,CW,CW 
2584,CW,CW 
2585,CW,CW 
2586,MT,PP 
2587,IA,CE 
2589,PP,CW 
2590,EO,PP 
2591,MC,CW 
2592,PP,IA 
2594,EO,CW 
2596,CE,CE 
2598,CW,CW 
2599,CE,CE 
2600,EO,PP 
2601,ED,ED 
2602,CW,CW 
2603,MT,CC 
2605,CE,CE 
2607,CW,PP 
2608,ED,ED 
2609,EO,PP 
2610,CE,CE 
2611,PP,PP 
2612,IA,IA 
2615,CC,EO 
2616,CC,CE 
2617,MC,IA 
2618,CE,PP 
2619,PP,CT 
2620,MT,PP 
2622,MC,IA 
2623,PP,PP 
2624,PP,ED 
2625,ED,ED 
2626,PP,IA 
2627,EO,CW 
2629,CW,CW 
2630,EO,IA 
2631,ED,IA 
2632,ED,ED 
2633,CE,CE 
2634,CW,MC 
2635,PP,PP 
2636,CE,CE 
2637,MT,CT 
2638,MT,CT 
2639,CW,CW 
2640,MT,MC 
2642,ED,ED 
2643,CE,CE 
2644,CW,CW 
2645,CE,CE 
2646,IA,CE 
2648,CC,EO 
2649,CE,PP 
2650,PP,CW 
2651,EO,PP 
2652,CE,CE 
2653,ED,IA 
2654,CW,CT 
2656,CW,CW 
2658,PP,PP 
2660,CW,CW 
2663,EO,CE 
2664,PP,IA 
2665,ED,IA 
2666,CE,CE 
2667,CE,CE 
2668,MC,MC 
2669,PP,PP 
2670,PP,EO 
2671,EO,PP 
2673,CW,CW 
2674,ED,ED 
2675,EO,MC 
2676,IA,IA 
2677,MC,IA 
2678,CE,CE 
2679,CE,CE 
2680,ED,ED 
2681,ED,ED 
2682,CE,CE 
2683,CC,PP 
2687,PP,CW 
2688,ED,ED 
2689,CE,CE 
2690,CE,CE 
2691,CE,CE 
2692,PP,CW 
2694,CW,IA 
2695,CW,CW 
2698,ED,CC 
2699,EO,IA 
2700,ED,ED 
2701,MC,IA 
2702,CE,PP 
2703,MT,CT 
2704,CW,IA 
2705,MT,IA 
2706,PP,ED 
2708,EO,PP 
2709,MT,CT 
2710,CW,CT 
2711,CW,CW 
2712,CW,CW 
2713,CC,EO 
2714,EO,PP 
2716,EO,ED 
2717,MC,CW 
2718,MC,CC 
2719,CW,IA 
2720,CE,CE 
2721,CW,IA 
2722,PP,CW 
2723,CW,CW 
2725,IA,CT 
2727,ED,CT 
2728,MC,CW 
2729,ED,CW 
2730,CC,IA 
2731,CW,PP 
2732,CE,CE 
2733,PP,ED 
2734,CE,CE 
2735,ED,PP 
2736,MC,CW 
2737,PP,ED 
2738,CW,IA 
2740,CW,CW 
2741,MC,IA 
2742,PP,PP 
2743,CW,IA 
2744,PP,IA 
2745,MC,CW 
2746,CW,IA 
2747,CW,CW 
2748,CC,EO 
2749,CC,ED 
2750,MC,CW 
2751,ED,MC 
2752,MT,CW 
2754,PP,PP 
2755,EO,PP 
2756,MT,CT 
2758,CE,CE 
2759,MC,PP 
2761,PP,CW 
2763,PP,CT 
2764,ED,ED 
2765,CW,CW 
2767,CW,IA 
2768,PP,CT 
2770,MT,PP 
2771,EO,PP 
2772,CC,CC 
2773,EO,PP 
2774,CW,PP 
2775,MT,CT 
2776,CE,ED 
2778,MC,CC 
2779,CW,CW 
2780,EO,ED 
2781,MC,CC 
2782,CE,CE 
2783,CW,CW 
2784,EO,CW 
2785,CW,CW 
2786,MT,CT 
2787,MT,CW 
2788,EO,CT 
2789,CW,IA 
2790,CW,CW 
2791,CE,CE 
2792,ED,ED 
2793,CW,IA 
2794,IA,IA 
2795,PP,CW 
2796,CW,IA 
2797,CE,CE 
2798,CE,CE 
2799,CW,PP 
2800,MC,CW 
2801,MC,IA 
2802,CC,EO 
2806,MC,CW 
2807,CW,CE 
2808,EO,MC 
2809,CW,CW 
2810,CE,CE 
2811,CE,ED 
2812,PP,CT 
2813,CW,MC 
2816,ED,PP 
2817,MC,IA 
2819,CW,CE 
2820,MT,CT 
2821,CE,CE 
2822,CW,IA 
2823,CC,EO 
2824,CW,CW 
2825,MT,CW 
2826,IA,PP 
2827,CW,CW 
2828,IA,ED 
2830,MT,CT 
2831,ED,ED 
2833,CC,IA 
2834,ED,PP 
2835,CE,CE 
2836,PP,CW 
2837,CW,CW 
2838,ED,ED 
2839,CC,EO 
2840,CE,CE 
2841,EO,CW 
2842,MC,PP 
2844,ED,ED 
2845,CE,CE 
2846,MT,CW 
2848,CC,CW 
2850,CW,IA 
2851,CE,PP 
2852,MC,CW 
2853,PP,CE 
2854,PP,CW 
2855,ED,CE 
2856,CE,CE 
2857,CC,ED 
2858,PP,MC 
2859,MC,CW 
2861,CW,IA 
2862,CC,CW 
2863,CW,CE 
2864,MT,CW 
2866,IA,IA 
2867,ED,CW 
2868,MC,CC 
2869,MC,CW 
2870,CE,CE 
2871,PP,PP 
2872,MC,CC 
2873,CW,CW 
2875,CC,EO 
2876,MC,ED 
2877,PP,CW 
2878,MC,CC 
2879,CE,CE 
2880,CE,CE 
2881,IA,IA 
2882,MC,ED 
2883,CW,CE 
2884,PP,CW 
2885,PP,MC 
2886,ED,ED 
2888,ED,PP 
2889,ED,ED 
2890,CW,CW 
2891,CE,CE 
2892,MT,IA 
2894,CW,CW 
2895,MT,CT 
2896,IA,CW 
2897,MC,CW 
2898,ED,ED 
2899,CE,CE 
2900,CC,EO 
2901,CE,CE 
2904,CW,IA 
2906,IA,PP 
2907,PP,CT 
2908,MC,IA 
2909,CC,EO 
2910,ED,ED 
2911,IA,CW 
2912,CW,EO 
2913,PP,CW 
2915,MT,CT 
2916,CC,IA 
2917,EO,PP 
2919,MT,CT 
2920,ED,ED 
2921,MC,MC 
2922,MT,CW 
2924,PP,CW 
2925,CC,CW 
2926,IA,IA 
2927,CE,CE 
2928,PP,PP 
2929,PP,IA 
2931,MC,CW 
2932,MT,CT 
2935,CE,CE 
2936,EO,IA 
2937,CW,PP 
2938,CE,CE 
2939,EO,PP 
2940,MC,IA 
2941,CE,CE 
2942,EO,PP 
2943,CW,IA 
2944,MC,IA 
2945,EO,PP 
2947,CE,CE 
2949,MC,CW 
2950,MT,CT 
2951,EO,IA 
2952,EO,IA 
2953,MC,CE 
2955,EO,PP 
2956,ED,ED 
2957,PP,CT 
2958,MT,CT 
2959,CC,PP 
2961,CW,CW 
2962,PP,IA 
2963,EO,PP 
2964,IA,IA 
2965,MC,ED 
2966,CE,CE 
2967,CE,CE 
2968,PP,CW 
2969,EO,ED 
2970,CW,CW 
2973,ED,PP 
2974,CW,CW 
2975,MC,CW 
2976,ED,ED 
2978,CC,EO 
2979,PP,PP 
2981,CE,CW 
2982,MC,CC 
2983,CE,CE 
2984,PP,CE 
2985,CW,CW 
2986,EO,PP 
2987,MC,IA 
2989,ED,ED 
2990,IA,CE 
2991,MT,CT 
2992,ED,CW 
2993,CW,PP 
2994,EO,CW 
2995,MT,IA 
2996,IA,IA 
2997,CE,CE 
2998,EO,PP 
2999,CE,CE 
3000,MT,CT 
3001,CE,CE 
3002,ED,ED 
3005,CW,PP 
3009,CW,MC 
3010,ED,CT 
3011,MT,CT 
3012,PP,CT 
3013,MT,CT 
3014,CE,CE 
3015,EO,IA 
3016,MT,CW 
3017,CC,IA 
3018,MC,CW 
3019,MT,CT 
3020,MC,CC 
3021,CE,CT 
3023,CW,CW 
3025,ED,ED 
3026,MC,IA 
3027,MT,CT 
3028,CE,CE 
3029,CE,CE 
3030,EO,PP 
3031,CC,PP 
3032,MT,CT 
3033,CC,EO 
3034,CC,EO 
3035,ED,ED 
3036,MT,MC 
3038,MC,IA 
3039,ED,ED 
3040,ED,IA 
3041,CE,CE 
3043,ED,ED 
3045,CW,MC 
3046,PP,ED 
3050,EO,PP 
3051,ED,IA 
3052,CC,CW 
3053,ED,ED 
3054,ED,ED 
3055,ED,ED 
3056,ED,EO 
3057,CE,CE 
3058,PP,ED 
3059,PP,ED 
3060,ED,PP 
3061,MT,PP 
3062,IA,PP 
3063,EO,PP 
3064,ED,ED 
3065,ED,ED 
3066,CW,CW 
3067,CE,CE 
3068,EO,IA 
3070,CE,IA 
3071,CC,EO 
3072,CW,CW 
3073,CE,CE 
3075,MC,CW 
3076,CW,CW 
3080,CW,CW 
3081,CW,CW 
3082,ED,ED 
3083,ED,CE 
3084,IA,CW 
3085,EO,PP 
3086,MC,IA 
3087,ED,IA 
3088,EO,CE 
3089,MC,PP 
3092,ED,ED 
3093,CW,EO 
3094,CE,CE 
3095,EO,PP 
3096,MT,CT 
3097,MT,CW 
3098,MT,PP 
3099,CE,CE 
3101,CE,ED 
3102,PP,CW 
3103,CE,PP 
3105,IA,CT 
3106,MT,PP 
3107,MT,CT 
3108,CW,CW 
3109,ED,ED 
3111,CE,CE 
3112,IA,IA 
3113,CW,CW 
3114,CW,CW 
3115,MT,CT 
3116,MC,ED 
3117,ED,ED 
3118,CE,PP 
3119,CW,CW 
3120,MT,CT 
3122,EO,CE 
3123,MT,CW 
3124,MT,IA 
3126,PP,IA 
3128,MT,CT 
3129,CE,CE 
3130,PP,CT 
3131,MC,CW 
3132,EO,PP 
3134,CW,CW 
3135,CE,CE 
3137,IA,PP 
3138,CE,CE 
3139,CW,PP 
3140,CW,CW 
3141,ED,ED 
3142,MC,IA 
3143,MT,CT 
3144,CW,IA 
3145,MC,IA 
3146,PP,PP 
3148,CW,CW 
3149,EO,PP 
3150,MT,CT 
3151,MC,IA 
3152,ED,CT 
3153,MC,CW 
3154,PP,CT 
3155,CW,CW 
3156,MC,CW 
3157,MC,CC 
3160,CE,CE 
3161,MC,IA 
3162,ED,ED 
3164,ED,ED 
3166,PP,IA 
3167,CE,CE 
3168,CW,CW 
3169,MT,CT 
3170,IA,ED 
3171,CE,CE 
3172,ED,ED 
3174,IA,CW 
3176,EO,PP 
3177,CC,PP 
3178,ED,ED 
3179,IA,CC 
3180,EO,PP 
3181,ED,MC 
3182,PP,PP 
3183,CE,CE 
3184,MC,CC 
3185,ED,EO 
3186,MT,PP 
3187,MT,CW 
3188,MC,CC 
3189,CE,CE 
3190,CW,CW 
3191,MC,ED 
3192,CE,CE 
3193,CW,CW 
3194,CW,CW 
3195,CW,CW 
3196,MT,CT 
3197,CC,PP 
3198,CE,CE 
3199,MC,IA 
3200,ED,ED 
3201,ED,ED 
3202,EO,PP 
3203,CE,CE 
3204,CW,CT 
3205,ED,PP 
3206,CW,PP 
3207,CE,CE 
3208,PP,CT 
3210,CE,CE 
3211,MT,IA 
3212,CE,CE 
3213,EO,PP 
3214,MC,MC 
3215,IA,CW 
3216,PP,PP 
3217,EO,PP 
3220,CC,PP 
3221,CE,CE 
3223,IA,CC 
3224,CW,CW 
3225,MT,CE 
3227,EO,ED 
3228,CW,IA 
3229,EO,PP 
3232,EO,ED 
3233,CE,CE 
3234,MT,CW 
3235,CC,ED 
3236,PP,IA 
3237,EO,PP 
3238,MT,PP 
3239,CC,EO 
3240,EO,PP 
3241,MC,IA 
3243,PP,CE 
3246,MC,EO 
3248,CC,CW 
3249,MT,IA 
3251,PP,IA 
3252,EO,ED 
3254,CE,CE 
3255,PP,CT 
3256,EO,PP 
3257,CW,CE 
3258,CW,PP 
3259,CE,CE 
3260,CE,CE 
3261,CW,IA 
3262,MC,ED 
3263,MC,CC 
3264,CC,PP 
3265,MC,CW 
3266,CC,ED 
3269,ED,ED 
3270,MC,MC 
3273,EO,PP 
3274,IA,IA 
3275,ED,ED 
3276,CW,CW 
3277,MT,CW 
3278,EO,ED 
3279,EO,PP 
3280,CC,ED 
3281,CW,IA 
3282,CC,PP 
3284,MT,CW 
3285,CE,CE 
3286,CW,CW 
3287,CE,MC 
3288,MC,CW 
3290,CE,CE 
3291,MC,MC 
3292,CE,CC 
3293,EO,ED 
3294,CE,IA 
3295,EO,CE 
3296,CC,CC 
3297,ED,ED 
3298,MC,CT 
