1,CW,CC 
3,IA,IA 
5,MC,PP 
7,CE,CE 
8,ED,ED 
9,CC,ED 
10,ED,ED 
11,MC,CC 
13,MT,IA 
14,CE,CE 
15,IA,ED 
16,MT,IA 
17,IA,CC 
18,PP,PP 
19,CW,CC 
20,MC,IA 
21,EO,IA 
22,MC,CC 
23,CE,CE 
25,MC,CC 
27,CE,PP 
28,MT,CC 
29,MT,IA 
30,CW,CC 
31,MT,CC 
32,CE,CC 
33,PP,CE 
34,ED,ED 
35,CW,IA 
36,EO,IA 
38,CW,IA 
39,CE,PP 
40,IA,CC 
41,CE,CE 
42,CC,ED 
43,MC,PP 
44,EO,CC 
45,CE,CE 
46,IA,IA 
47,IA,PP 
48,CE,CE 
51,CE,PP 
52,CW,IA 
53,CE,IA 
54,CE,CC 
55,MC,PP 
56,MT,IA 
58,MT,PP 
59,CC,PP 
61,ED,CC 
62,CC,PP 
63,MC,CC 
64,ED,CC 
67,EO,CC 
68,MT,MT 
69,ED,ED 
70,EO,CC 
71,CE,PP 
72,MC,CC 
73,CE,CE 
74,ED,CC 
75,EO,CC 
76,CE,CE 
77,MT,CC 
78,PP,CC 
79,CE,CE 
80,CE,IA 
81,IA,CC 
82,MC,CC 
83,CE,CC 
84,MC,PP 
85,PP,IA 
87,ED,ED 
88,CE,CE 
89,CE,CE 
91,EO,CC 
92,CW,PP 
93,EO,IA 
94,IA,ED 
95,EO,CC 
96,IA,CC 
97,CE,CE 
98,MC,PP 
99,CE,CE 
100,CE,CE 
102,ED,CC 
103,CE,CE 
104,IA,IA 
105,CE,CE 
106,CC,IA 
107,CW,CC 
108,IA,PP 
109,ED,ED 
110,CC,CC 
111,CC,PP 
112,EO,CC 
113,MT,CC 
114,EO,PP 
115,PP,MT 
117,CE,IA 
119,CW,PP 
120,MC,IA 
122,EO,PP 
123,ED,ED 
124,MT,PP 
125,MT,CC 
126,IA,CC 
127,MC,PP 
128,ED,CC 
129,CE,CE 
130,ED,ED 
131,EO,CC 
132,CW,PP 
133,PP,CC 
134,PP,IA 
135,MC,PP 
137,EO,CC 
139,CE,IA 
143,MC,CC 
144,EO,CC 
145,CE,PP 
146,MC,CC 
147,MC,CC 
148,ED,CC 
150,CC,CC 
151,EO,CC 
152,CE,PP 
153,MT,PP 
154,ED,ED 
155,PP,CC 
156,ED,PP 
157,EO,CC 
158,PP,IA 
160,MT,PP 
161,CW,CC 
162,EO,CC 
163,IA,IA 
164,CW,PP 
165,CE,PP 
166,CE,IA 
167,CC,PP 
168,EO,CC 
169,MC,ED 
170,MT,CC 
171,CE,CC 
172,CW,CC 
173,IA,CC 
174,EO,PP 
175,EO,CC 
176,CW,IA 
177,CC,ED 
178,ED,ED 
180,MT,PP 
181,CE,CE 
182,CW,IA 
185,PP,CC 
186,CW,IA 
189,CE,IA 
190,CC,CC 
191,CW,CC 
192,ED,ED 
193,PP,CC 
194,ED,ED 
195,MC,PP 
196,CW,CC 
197,EO,CC 
198,CE,CE 
199,PP,CC 
200,MC,CC 
201,IA,CC 
202,EO,PP 
203,CE,CE 
205,CC,PP 
206,CE,CE 
207,MC,PP 
208,PP,IA 
209,ED,IA 
210,ED,CC 
212,CW,PP 
213,MC,CC 
214,CW,PP 
215,CE,CE 
216,EO,PP 
217,EO,IA 
218,PP,IA 
219,MT,CC 
220,IA,CC 
222,MC,CC 
223,CE,CE 
226,CW,CC 
227,CW,PP 
228,IA,CC 
229,MC,CC 
230,ED,ED 
231,CC,IA 
232,CW,EO 
233,ED,IA 
234,EO,CC 
235,MT,CC 
236,PP,CC 
239,ED,IA 
240,CC,ED 
241,MT,CC 
243,MC,CC 
245,CC,ED 
246,ED,CC 
248,CC,CC 
249,MT,PP 
251,MT,CC 
252,MC,CC 
253,ED,ED 
254,IA,IA 
255,MT,MT 
256,MC,PP 
257,ED,IA 
258,ED,CC 
259,CW,PP 
260,IA,CC 
261,MC,IA 
262,ED,ED 
263,CW,CC 
264,MT,CC 
267,CC,CC 
268,CC,ED 
269,CE,CE 
270,MT,IA 
271,MC,PP 
272,CW,CC 
273,PP,ED 
275,CE,ED 
277,ED,ED 
278,EO,PP 
280,ED,ED 
282,ED,ED 
283,CE,PP 
285,ED,ED 
286,CE,CC 
287,IA,IA 
289,CC,ED 
290,MC,CC 
291,ED,ED 
292,ED,CC 
295,CC,CC 
296,CE,IA 
297,CC,CC 
298,CW,PP 
299,ED,ED 
300,ED,ED 
302,EO,PP 
303,CW,CC 
304,CC,IA 
305,ED,ED 
306,IA,CC 
307,CW,PP 
308,CC,PP 
309,CW,EO 
310,MT,MT 
311,EO,CC 
312,CC,CC 
313,MC,CC 
314,MT,IA 
315,CW,PP 
316,PP,CC 
317,PP,IA 
318,EO,IA 
319,ED,ED 
320,CE,IA 
321,EO,CC 
322,MT,PP 
323,ED,ED 
324,CW,PP 
325,CW,MT 
326,EO,CC 
327,CW,CC 
328,MT,IA 
329,MT,MT 
330,EO,PP 
332,CE,CC 
333,MC,CC 
334,MT,MT 
335,CE,CE 
336,PP,CC 
337,CC,PP 
338,MC,MT 
341,CC,PP 
342,MC,CC 
343,CC,ED 
344,CE,CC 
345,CE,CE 
346,CW,CC 
347,CE,CC 
348,CE,CE 
349,IA,ED 
350,CW,CC 
352,CE,CE 
353,CE,CE 
354,PP,IA 
355,ED,IA 
356,PP,IA 
357,MT,PP 
359,CE,CE 
360,CW,CC 
361,EO,CC 
362,CW,CC 
363,ED,ED 
364,CC,ED 
365,ED,CC 
366,CW,IA 
367,CW,IA 
368,CC,ED 
369,ED,ED 
370,EO,PP 
371,CE,CC 
372,EO,CC 
373,CC,PP 
374,PP,CC 
375,CW,IA 
376,CE,CE 
377,MC,CC 
378,CW,PP 
379,CC,CC 
380,CE,CE 
381,CE,CE 
382,MT,PP 
383,CW,CC 
384,MC,CC 
385,ED,CC 
386,CW,EO 
387,MT,IA 
388,CC,CC 
390,ED,CC 
391,CE,CC 
392,PP,IA 
393,MT,CC 
394,EO,ED 
396,MC,CC 
397,EO,CC 
398,MT,IA 
399,ED,CC 
400,CE,CE 
401,ED,IA 
402,PP,CC 
403,ED,IA 
404,MC,CC 
405,MC,ED 
406,CW,PP 
407,CW,CC 
408,EO,PP 
411,CW,PP 
413,IA,CC 
414,CC,PP 
416,PP,CC 
417,EO,PP 
418,ED,ED 
419,EO,CC 
420,MC,CC 
421,CE,IA 
422,IA,CC 
423,CC,ED 
424,MT,CC 
425,EO,CC 
427,MT,CC 
428,CE,PP 
429,CE,CE 
431,MT,PP 
432,CE,PP 
435,PP,PP 
437,PP,IA 
438,ED,ED 
439,IA,CC 
440,CW,CC 
442,PP,CC 
443,CE,CE 
444,EO,CC 
445,MC,CC 
446,CC,ED 
447,EO,PP 
448,CE,IA 
451,IA,CC 
452,CW,PP 
453,CE,CE 
454,CC,PP 
458,MC,CC 
459,PP,PP 
460,ED,CC 
461,MT,IA 
463,CE,IA 
464,IA,CC 
465,CW,ED 
466,CW,CC 
467,MT,PP 
468,CW,IA 
469,ED,IA 
471,IA,ED 
472,EO,CC 
473,IA,CC 
474,CW,PP 
475,PP,IA 
476,CW,CC 
477,EO,PP 
478,PP,IA 
479,CW,IA 
480,PP,ED 
481,IA,IA 
482,MT,PP 
483,MC,IA 
484,CE,CE 
485,CW,ED 
487,CW,CC 
489,IA,CC 
490,CC,CC 
491,MC,PP 
492,CC,PP 
494,PP,CC 
496,IA,CC 
497,CC,CC 
498,ED,CC 
499,CW,CC 
500,CE,CE 
501,MC,CC 
502,MC,PP 
503,MT,CC 
505,MC,CC 
508,CE,CE 
510,ED,CC 
511,ED,CC 
512,MC,CC 
513,ED,CC 
514,PP,CC 
515,ED,ED 
516,CE,CE 
517,CE,IA 
518,CE,CE 
519,PP,CC 
521,CC,PP 
522,CW,CC 
523,MC,IA 
524,ED,ED 
527,CC,PP 
528,CE,CE 
529,ED,ED 
530,ED,ED 
531,CW,CC 
533,MC,CC 
534,PP,IA 
535,MT,PP 
536,CE,IA 
537,CE,IA 
538,ED,ED 
539,MC,PP 
540,CE,IA 
541,IA,CC 
542,MT,PP 
543,CW,IA 
544,EO,CC 
545,CE,PP 
548,CC,PP 
549,PP,ED 
550,PP,PP 
551,CE,PP 
552,ED,CC 
553,EO,CC 
554,CC,CC 
555,CW,CC 
556,CW,CC 
557,ED,ED 
558,EO,CC 
559,CE,CC 
560,CW,ED 
561,PP,ED 
562,CC,PP 
564,MT,PP 
566,CW,PP 
567,IA,CC 
568,ED,CC 
569,CC,PP 
570,CC,PP 
571,MT,IA 
574,MT,CC 
576,CE,IA 
577,IA,CC 
578,CE,IA 
579,CE,CE 
582,PP,IA 
583,MC,IA 
584,PP,CC 
585,ED,CC 
586,MC,IA 
587,CW,PP 
588,IA,PP 
590,IA,IA 
591,MT,IA 
593,CE,IA 
594,MC,CC 
595,PP,CC 
596,CW,PP 
597,PP,CC 
598,MC,CC 
600,CC,ED 
601,EO,IA 
602,CE,CE 
603,ED,ED 
604,ED,CC 
605,IA,CC 
606,CC,PP 
608,PP,CC 
609,IA,IA 
611,CW,PP 
612,ED,IA 
613,CW,CC 
615,CW,IA 
616,CE,IA 
617,CE,IA 
618,ED,IA 
619,MT,PP 
620,MT,CC 
621,MC,IA 
622,CE,CE 
623,PP,IA 
624,MC,PP 
625,CE,CE 
626,MT,CC 
627,CW,PP 
628,PP,CC 
629,PP,PP 
630,EO,CC 
631,CC,CC 
632,PP,CC 
633,CW,CC 
635,ED,ED 
636,CW,ED 
638,ED,CC 
640,PP,CC 
641,IA,IA 
642,PP,CC 
643,CE,CC 
644,IA,IA 
646,CC,CC 
647,MT,CC 
648,MT,CC 
649,EO,CC 
651,IA,ED 
652,PP,CC 
654,MC,ED 
655,CC,ED 
656,MT,CC 
657,CE,CE 
658,ED,ED 
659,EO,CC 
660,CW,PP 
661,CC,CC 
662,CC,PP 
663,MT,IA 
664,MT,PP 
665,CE,CE 
666,EO,CC 
667,MC,PP 
668,IA,IA 
671,CE,PP 
673,PP,CC 
674,CE,CE 
675,IA,CC 
676,MC,IA 
677,EO,PP 
678,MC,PP 
680,MC,CC 
682,CC,ED 
683,PP,CC 
685,ED,IA 
686,CE,PP 
687,CC,PP 
688,ED,CC 
689,CW,PP 
690,ED,IA 
691,ED,ED 
692,MT,PP 
693,CE,CE 
695,MT,IA 
696,EO,CC 
697,MT,CC 
698,CW,CC 
699,EO,IA 
700,ED,CC 
702,ED,ED 
703,PP,PP 
704,CE,CC 
705,CW,CC 
706,CE,CE 
707,ED,ED 
709,CW,CC 
711,MT,CC 
712,MT,PP 
713,MT,MT 
714,CE,IA 
715,PP,IA 
717,MT,CC 
718,MC,PP 
719,CE,CE 
721,IA,CC 
722,ED,CC 
723,ED,ED 
725,MC,PP 
726,ED,ED 
727,PP,CC 
728,CW,CC 
729,EO,CC 
730,MC,CC 
731,EO,CC 
732,IA,CC 
733,CC,CC 
735,ED,CC 
736,CE,CE 
737,MT,CC 
738,MC,MT 
739,MT,CC 
740,MT,IA 
743,MT,MT 
744,MC,IA 
745,ED,CC 
746,CE,CE 
747,MC,CC 
748,ED,CC 
749,MT,CC 
750,ED,CC 
751,ED,CC 
752,EO,CC 
753,CC,PP 
754,ED,CC 
755,PP,ED 
756,CE,CE 
757,ED,CC 
758,CE,CC 
759,ED,CC 
760,EO,CC 
761,CC,PP 
762,MC,CC 
763,EO,PP 
764,CW,PP 
765,MT,IA 
766,PP,IA 
767,ED,ED 
769,CW,PP 
770,ED,CC 
771,EO,CC 
772,CE,CE 
773,MT,CC 
774,MT,CC 
776,CE,IA 
777,PP,IA 
778,MC,CC 
779,MT,CC 
782,MT,PP 
783,MT,CC 
784,ED,ED 
785,ED,ED 
787,ED,ED 
788,ED,CC 
789,CW,CC 
790,MC,CC 
792,PP,CC 
793,IA,IA 
794,ED,CC 
795,ED,ED 
796,ED,CC 
797,MT,CC 
798,CC,PP 
799,IA,ED 
800,MC,CC 
801,ED,ED 
802,CE,CE 
803,ED,ED 
804,CC,ED 
805,CW,IA 
806,CE,CC 
807,PP,IA 
808,CW,CC 
809,CE,CC 
810,CE,CE 
811,CE,CE 
812,ED,ED 
813,ED,ED 
814,CW,PP 
815,ED,CC 
817,CE,CC 
818,CC,CC 
819,CW,CC 
820,CW,PP 
822,ED,ED 
823,CW,CC 
824,MT,PP 
825,CE,CE 
826,EO,CC 
827,PP,IA 
828,CE,CE 
829,CC,PP 
830,CC,ED 
831,MC,PP 
833,ED,ED 
835,ED,ED 
837,CE,PP 
838,CW,IA 
839,CW,PP 
840,MT,PP 
842,CC,ED 
843,IA,CC 
844,MC,IA 
845,IA,CC 
846,EO,CC 
847,MT,CC 
850,MT,CC 
852,MT,CC 
853,ED,ED 
854,CW,PP 
855,ED,CC 
856,MT,PP 
857,EO,CC 
858,CE,CE 
859,PP,IA 
862,CC,ED 
863,ED,ED 
864,PP,IA 
865,EO,CC 
867,ED,CC 
869,IA,IA 
870,CW,PP 
871,EO,CC 
872,EO,IA 
873,CW,CC 
874,MC,IA 
875,CC,PP 
876,MT,CC 
877,CE,CE 
878,CE,CE 
879,IA,PP 
880,ED,ED 
882,MT,CC 
883,EO,CC 
885,CW,PP 
887,PP,CC 
888,CC,ED 
889,CC,ED 
890,MT,CC 
891,MC,PP 
892,MC,CC 
893,EO,CC 
895,IA,IA 
896,MT,PP 
897,CE,CC 
899,ED,ED 
900,EO,PP 
901,CC,CC 
902,CC,CC 
903,MC,PP 
904,EO,CC 
905,CC,ED 
906,PP,IA 
907,ED,CC 
908,ED,CC 
909,MC,CE 
912,CE,IA 
914,ED,CC 
915,ED,CC 
916,ED,CC 
917,CE,CE 
918,MC,CC 
919,IA,IA 
921,CW,CC 
923,MC,CC 
924,CW,IA 
925,MC,IA 
926,CC,CC 
927,MC,CC 
928,ED,CC 
929,CW,PP 
930,EO,IA 
931,CW,CC 
933,CW,ED 
935,CC,CC 
937,IA,CC 
938,CW,ED 
939,IA,IA 
941,MT,CC 
942,EO,CC 
943,MT,CC 
944,CC,ED 
945,ED,ED 
946,PP,CC 
947,PP,IA 
948,MC,CC 
949,PP,ED 
950,ED,PP 
951,EO,CC 
953,MC,IA 
955,CE,CC 
956,MC,CC 
959,CE,IA 
960,MT,CC 
962,ED,ED 
963,CE,CC 
964,MT,CC 
965,CW,PP 
966,CW,IA 
967,ED,CC 
970,CE,CE 
971,PP,PP 
972,ED,CC 
974,CW,CC 
975,CC,CC 
976,CE,CE 
977,PP,ED 
978,CE,CE 
979,CE,CC 
980,CE,CE 
981,CE,IA 
983,PP,CC 
984,ED,CC 
985,ED,CC 
986,EO,CC 
987,MC,MT 
988,CW,IA 
989,ED,ED 
990,ED,ED 
991,CW,ED 
992,ED,ED 
994,MT,CC 
995,CE,CE 
996,CE,CC 
997,CC,CC 
998,MT,IA 
999,IA,CC 
1000,ED,ED 
1001,ED,CC 
1002,MC,PP 
1003,CE,CE 
1004,MC,IA 
1005,EO,PP 
1007,EO,IA 
1008,CC,CC 
1009,EO,PP 
1010,EO,PP 
1011,CW,IA 
1012,CW,CC 
1013,CW,PP 
1015,CW,PP 
1016,PP,CC 
1017,ED,ED 
1018,EO,CC 
1019,MT,PP 
1020,MC,IA 
1021,MT,IA 
1023,CE,CC 
1024,CC,CC 
1025,CC,CC 
1027,MC,CC 
1028,EO,CC 
1029,PP,IA 
1030,MC,IA 
1031,IA,IA 
1032,EO,PP 
1033,CC,CC 
1034,ED,CC 
1035,CE,PP 
1037,EO,IA 
1039,CE,IA 
1040,EO,PP 
1041,MC,IA 
1042,MC,CC 
1044,PP,ED 
1045,CE,CE 
1046,MT,IA 
1047,CW,IA 
1049,CC,PP 
1051,MT,IA 
1052,CE,CE 
1053,CC,PP 
1054,MC,CC 
1055,PP,CC 
1056,ED,CC 
1057,PP,IA 
1058,CE,CE 
1060,PP,CC 
1061,MT,CC 
1062,CE,CE 
1063,EO,CC 
1064,CE,PP 
1065,ED,ED 
1066,MC,PP 
1067,CW,IA 
1068,MC,CC 
1069,CC,CC 
1071,CW,EO 
1072,ED,ED 
1073,PP,PP 
1074,IA,CC 
1075,ED,ED 
1076,CW,IA 
1078,ED,CC 
1079,EO,ED 
1080,IA,IA 
1081,CE,PP 
1083,MT,CC 
1085,EO,IA 
1087,MT,IA 
1088,MC,CC 
1090,CC,CC 
1091,CC,ED 
1092,MC,CC 
1094,CE,CE 
1095,CC,CC 
1096,IA,IA 
1097,CW,PP 
1098,PP,CC 
1099,EO,CC 
1101,CC,CC 
1102,PP,IA 
1103,MC,PP 
1104,MC,CC 
1107,MT,IA 
1108,CE,CE 
1109,MC,IA 
1111,IA,IA 
1112,CC,EO 
1113,ED,ED 
1114,ED,CC 
1115,CW,ED 
1116,EO,IA 
1117,CE,CC 
1118,CW,EO 
1120,CC,CC 
1121,CC,ED 
1123,ED,CC 
1124,CW,CC 
1125,MT,CC 
1126,ED,CC 
1127,EO,PP 
1130,MC,IA 
1131,MT,CC 
1132,MC,IA 
1133,CW,CC 
1134,MT,ED 
1135,EO,CC 
1136,ED,ED 
1137,CC,ED 
1138,MT,IA 
1139,CE,CC 
1140,CW,ED 
1141,IA,CC 
1142,IA,CC 
1144,PP,CC 
1147,PP,CC 
1148,MT,IA 
1150,CW,CC 
1151,CC,CC 
1152,ED,ED 
1153,ED,IA 
1154,MT,IA 
1155,IA,IA 
1156,CW,PP 
1157,CC,PP 
1158,MT,IA 
1159,EO,CC 
1160,MC,IA 
1161,MC,CC 
1162,ED,CC 
1163,ED,CC 
1165,PP,ED 
1166,MT,CC 
1168,CE,CE 
1170,ED,IA 
1171,ED,ED 
1172,IA,PP 
1173,CC,PP 
1174,PP,IA 
1175,MT,CC 
1176,IA,IA 
1177,EO,CC 
1178,MT,IA 
1179,MC,CC 
1180,EO,CC 
1181,IA,CC 
1182,PP,IA 
1183,CE,CE 
1184,MC,IA 
1185,MC,PP 
1186,ED,ED 
1187,EO,PP 
1188,MT,CC 
1189,CC,PP 
1190,CW,CC 
1191,IA,CC 
1193,PP,PP 
1194,ED,CC 
1195,EO,ED 
1196,ED,CC 
1197,EO,CC 
1198,PP,CC 
1199,CW,IA 
1200,ED,ED 
1201,CC,PP 
1202,CE,CE 
1203,CW,ED 
1204,EO,MT 
1205,PP,CC 
1206,PP,CC 
1207,CW,ED 
1208,EO,CC 
1209,CC,PP 
1210,CC,CC 
1213,MT,IA 
1214,IA,IA 
1215,CW,CC 
1216,ED,ED 
1217,CC,EO 
1218,EO,PP 
1219,CW,IA 
1220,CE,PP 
1222,CE,CE 
1223,CW,CC 
1225,CW,CC 
1226,MT,PP 
1228,MC,CC 
1230,CE,CC 
1231,CC,CC 
1232,ED,ED 
1233,EO,PP 
1234,EO,PP 
1237,PP,CC 
1238,CW,CC 
1240,EO,CC 
1241,CC,PP 
1242,ED,CC 
1243,PP,MT 
1244,ED,IA 
1245,CE,CE 
1247,CE,CE 
1248,CE,IA 
1249,CE,CE 
1250,PP,IA 
1252,CE,CE 
1253,MC,CC 
1254,CW,PP 
1255,CE,CE 
1256,MT,PP 
1257,CW,PP 
1259,CW,CC 
1260,PP,IA 
1261,CE,CE 
1262,CC,CC 
1264,ED,ED 
1265,ED,ED 
1266,MC,ED 
1268,MC,IA 
1269,CW,IA 
1270,MC,IA 
1271,MC,PP 
1272,IA,CC 
1273,CE,PP 
1277,MT,ED 
1278,CC,CC 
1279,EO,CC 
1280,CW,CC 
1282,CW,CC 
1285,ED,ED 
1286,MC,IA 
1287,CW,CC 
1288,PP,CC 
1289,MT,IA 
1290,CC,PP 
1291,ED,ED 
1292,IA,CC 
1293,CE,PP 
1294,CC,CC 
1295,ED,CC 
1296,CE,CE 
1297,MT,IA 
1299,PP,CC 
1300,CC,PP 
1302,ED,ED 
1303,IA,IA 
1304,CW,PP 
1305,CE,CE 
1306,MT,IA 
1308,PP,IA 
1309,CW,CC 
1310,MC,CC 
1311,ED,CC 
1313,ED,CC 
1314,EO,CC 
1315,PP,CC 
1316,MC,IA 
1317,CW,CC 
1318,MC,CC 
1319,MC,CC 
1320,MT,CC 
1321,ED,ED 
1322,ED,IA 
1323,MT,IA 
1324,PP,IA 
1325,ED,CC 
1326,MC,CC 
1327,CE,CE 
1329,ED,ED 
1330,CW,IA 
1331,MC,IA 
1333,MT,MT 
1334,ED,CC 
1335,PP,CC 
1339,CW,EO 
1340,CW,PP 
1341,ED,ED 
1342,CW,IA 
1343,IA,IA 
1345,CC,EO 
1346,MC,PP 
1348,CW,PP 
1350,EO,CC 
1351,CE,CE 
1352,IA,CC 
1353,ED,CC 
1354,MT,IA 
1355,ED,CC 
1356,CW,IA 
1357,CC,CC 
1358,CC,PP 
1360,CW,PP 
1361,CW,PP 
1362,PP,PP 
1363,EO,CC 
1364,CE,CE 
1365,CW,PP 
1366,IA,IA 
1367,MC,CC 
1368,ED,ED 
1369,MT,MT 
1370,CW,CC 
1371,MC,PP 
1372,CE,MT 
1373,MC,IA 
1374,EO,CC 
1375,CE,CC 
1376,EO,ED 
1377,ED,CC 
1378,EO,CC 
1379,MT,PP 
1380,MC,PP 
1381,CW,IA 
1383,MC,IA 
1384,EO,ED 
1385,CW,PP 
1386,CW,PP 
1387,PP,CC 
1388,EO,CC 
1389,CE,PP 
1390,ED,CC 
1391,CE,IA 
1392,CC,PP 
1393,ED,CC 
1394,CE,CE 
1395,CC,ED 
1396,CW,CC 
1398,CE,IA 
1399,MC,PP 
1400,ED,ED 
1401,EO,CC 
1402,IA,PP 
1404,CE,CE 
1405,CW,IA 
1406,CE,CE 
1407,MC,PP 
1408,CE,PP 
1409,CC,CC 
1410,CW,IA 
1411,CE,CE 
1412,CE,CC 
1413,CW,PP 
1414,PP,CC 
1415,MC,CC 
1416,CW,CC 
1417,MC,CC 
1418,CW,CC 
1420,IA,IA 
1422,CW,PP 
1424,EO,PP 
1425,CC,PP 
1426,CE,CE 
1427,ED,CC 
1428,PP,PP 
1429,MC,CC 
1430,MT,EO 
1431,MC,PP 
1433,ED,ED 
1434,MT,CC 
1435,CE,IA 
1436,CE,PP 
1437,CE,CE 
1438,ED,CC 
1441,EO,CC 
1442,ED,CC 
1444,IA,CC 
1445,PP,MT 
1446,CE,CE 
1447,CE,CE 
1448,CW,CC 
1449,MC,CC 
1451,PP,CC 
1452,IA,CC 
1453,PP,IA 
1454,MC,IA 
1455,EO,CC 
1456,ED,CC 
1457,IA,IA 
1459,ED,CC 
1460,EO,CC 
1462,MC,CC 
1463,MC,CC 
1464,MT,IA 
1465,CW,ED 
1466,CC,CC 
1467,ED,ED 
1468,CW,PP 
1469,MC,PP 
1470,PP,IA 
1472,EO,IA 
1474,CE,CC 
1476,EO,CC 
1477,PP,CC 
1479,MC,CC 
1480,IA,CC 
1481,PP,CC 
1482,ED,ED 
1483,EO,ED 
1484,PP,CC 
1485,ED,CC 
1488,MT,PP 
1489,MT,CC 
1490,ED,ED 
1492,MC,CC 
1494,EO,CC 
1495,MT,CC 
1496,MC,CC 
1497,CW,IA 
1498,MT,MT 
1500,PP,CC 
1501,ED,ED 
1502,MC,CC 
1503,MC,IA 
1504,ED,ED 
1505,MT,CC 
1506,PP,CC 
1507,IA,IA 
1508,CC,CC 
1510,ED,ED 
1511,EO,CC 
1512,CE,CC 
1513,ED,CC 
1514,PP,CC 
1515,EO,CC 
1516,CW,ED 
1517,CE,CE 
1518,CC,CC 
1519,CW,PP 
1520,MC,PP 
1521,CE,CE 
1522,CE,CE 
1523,CE,IA 
1526,IA,IA 
1528,EO,CC 
1529,IA,CC 
1530,MT,PP 
1531,MC,PP 
1532,IA,ED 
1534,ED,ED 
1535,CE,CE 
1537,CE,CE 
1539,CW,CC 
1540,CW,IA 
1541,CE,PP 
1542,MT,CC 
1543,ED,CC 
1544,PP,IA 
1545,CE,PP 
1546,MC,CC 
1547,CE,CE 
1548,EO,PP 
1549,IA,IA 
1550,PP,PP 
1551,EO,CC 
1553,CE,CE 
1554,CW,PP 
1555,CC,ED 
1556,EO,CC 
1557,CW,IA 
1558,ED,ED 
1559,IA,IA 
1560,PP,CC 
1561,MT,CC 
1562,EO,PP 
1563,MT,PP 
1565,CC,CC 
1566,CW,PP 
1567,MC,CC 
1568,ED,ED 
1569,ED,CC 
1570,MT,IA 
1571,CE,PP 
1572,CW,PP 
1573,CE,CE 
1574,CE,CE 
1576,CW,CC 
1577,ED,ED 
1578,MT,CC 
1579,EO,PP 
1580,CE,IA 
1581,EO,IA 
1582,EO,CC 
1583,ED,IA 
1584,MT,PP 
1587,MC,IA 
1588,EO,CC 
1589,CC,PP 
1591,MT,CC 
1592,MC,ED 
1593,MT,MT 
1594,CW,CC 
1595,CE,CE 
1596,MC,IA 
1597,CW,PP 
1598,PP,CC 
1600,PP,CC 
1601,ED,ED 
1602,EO,CC 
1603,CE,CC 
1604,MC,IA 
1605,EO,CC 
1606,MT,PP 
1608,ED,ED 
1609,MC,CC 
1610,EO,IA 
1611,MC,PP 
1612,PP,CC 
1613,MC,CC 
1614,CW,CC 
1615,CW,CC 
1616,CE,IA 
1617,CC,PP 
1618,ED,IA 
1619,PP,CC 
1620,MT,IA 
1622,CW,CC 
1623,PP,CC 
1625,EO,CC 
1626,CC,PP 
1627,PP,CC 
1628,MC,MT 
1629,CE,CE 
1631,CC,CC 
1632,CW,CC 
1633,CE,CE 
1634,ED,ED 
1636,ED,CC 
1637,CW,CC 
1641,IA,IA 
1642,CE,PP 
1643,CC,PP 
1644,ED,CC 
1645,CE,CE 
1647,IA,IA 
1648,CC,PP 
1649,CE,CC 
1650,CW,IA 
1651,CE,IA 
1652,ED,ED 
1653,MC,PP 
1655,MC,CC 
1657,CE,CE 
1659,MT,CC 
1660,MT,PP 
1661,CW,ED 
1662,ED,CC 
1664,MC,MT 
1665,ED,IA 
1667,MT,IA 
1668,CC,CC 
1669,MC,CC 
1670,CE,CE 
1671,CC,PP 
1672,CC,CC 
1674,CW,CC 
1675,ED,CC 
1676,CE,CE 
1677,PP,IA 
1678,CW,ED 
1679,EO,CC 
1680,CW,PP 
1681,CC,ED 
1682,MC,CC 
1684,ED,CC 
1685,CE,PP 
1687,PP,IA 
1688,CE,PP 
1689,ED,ED 
1690,MC,IA 
1691,MT,CC 
1692,EO,IA 
1693,MT,IA 
1694,EO,CC 
1696,IA,CC 
1697,EO,CC 
1698,CE,IA 
1699,CE,CE 
1702,CW,CC 
1703,MT,MT 
1704,CE,PP 
1705,CW,CC 
1706,CE,PP 
1708,PP,MT 
1709,CC,CC 
1710,CC,PP 
1711,EO,PP 
1713,MT,PP 
1714,CC,PP 
1715,IA,CC 
1716,MC,IA 
1717,PP,IA 
1718,CC,ED 
1719,CE,CC 
1720,PP,CC 
1721,MT,MT 
1722,ED,ED 
1724,CW,IA 
1725,EO,PP 
1726,CW,IA 
1727,ED,ED 
1728,CE,CC 
1731,EO,CC 
1732,CW,IA 
1733,MC,IA 
1734,IA,PP 
1735,EO,PP 
1736,EO,CC 
1737,EO,PP 
1738,PP,IA 
1739,MC,IA 
1740,CW,PP 
1741,PP,IA 
1742,CW,IA 
1743,CW,PP 
1744,PP,CC 
1745,ED,CC 
1746,IA,CC 
1747,CE,CC 
1748,IA,CC 
1749,IA,CC 
1750,ED,ED 
1751,ED,ED 
1752,CC,CC 
1753,MC,PP 
1754,PP,CC 
1755,PP,CC 
1756,ED,ED 
1757,EO,CC 
1758,CE,CE 
1759,EO,IA 
1760,CC,CC 
1761,ED,ED 
1762,EO,ED 
1763,ED,CC 
1764,CE,CE 
1765,CE,CE 
1766,MT,PP 
1767,MC,PP 
1769,IA,CC 
1770,CE,CE 
1772,PP,IA 
1773,PP,IA 
1775,ED,CC 
1777,EO,CC 
1778,CE,PP 
1779,EO,CC 
1780,CE,PP 
1781,EO,IA 
1783,CW,PP 
1784,CE,CE 
1785,CE,CE 
1787,MC,IA 
1788,CW,CC 
1789,CC,ED 
1790,EO,CC 
1792,EO,IA 
1793,EO,CC 
1796,MC,CC 
1798,MC,IA 
1799,CW,CE 
1800,MT,CC 
1802,MT,IA 
1803,CW,CC 
1804,ED,ED 
1805,ED,CC 
1807,CW,CC 
1808,MC,CC 
1809,ED,CC 
1810,CC,PP 
1811,CE,CE 
1812,EO,CC 
1813,MT,IA 
1814,CW,CC 
1815,CE,CC 
1816,MT,CC 
1817,IA,PP 
1819,PP,CC 
1821,CC,ED 
1822,MT,PP 
1823,EO,PP 
1824,PP,CC 
1825,IA,IA 
1826,CE,IA 
1827,EO,CC 
1828,CE,CC 
1829,MC,CC 
1830,EO,PP 
1831,PP,CC 
1832,CC,PP 
1833,ED,ED 
1834,MC,PP 
1835,CW,CC 
1837,MC,IA 
1838,CW,IA 
1840,CW,IA 
1841,PP,IA 
1842,CW,CC 
1844,MT,PP 
1845,MC,CC 
1846,MT,CC 
1847,CW,CC 
1850,EO,IA 
1851,ED,IA 
1852,PP,PP 
1853,CC,PP 
1854,MC,IA 
1855,EO,IA 
1857,MT,CC 
1859,CW,CE 
1861,ED,CC 
1862,IA,IA 
1864,MC,CC 
1865,PP,CC 
1866,CE,IA 
1867,CW,CC 
1868,CW,PP 
1869,CW,CC 
1870,ED,CC 
1871,PP,CC 
1872,MT,CC 
1874,MC,PP 
1875,CE,IA 
1876,ED,ED 
1878,MC,PP 
1879,MC,PP 
1880,CW,CC 
1881,EO,CC 
1882,IA,CC 
1883,ED,CC 
1884,EO,IA 
1885,PP,CE 
1886,CW,PP 
1887,PP,IA 
1888,EO,CC 
1889,CE,CE 
1890,EO,ED 
1891,MC,IA 
1892,CE,MT 
1895,MT,CC 
1896,MT,IA 
1897,CE,PP 
1898,EO,PP 
1899,PP,CC 
1901,IA,IA 
1902,PP,CC 
1903,PP,CC 
1904,CW,IA 
1905,CE,CE 
1906,MT,IA 
1907,IA,IA 
1908,MT,IA 
1909,CW,CC 
1910,MT,IA 
1911,MT,PP 
1912,CC,ED 
1913,CW,PP 
1914,IA,CC 
1916,PP,CC 
1917,CE,CE 
1918,ED,ED 
1920,MC,CC 
1921,MC,CC 
1922,CE,PP 
1923,MC,CC 
1924,CW,PP 
1925,CW,PP 
1926,MT,IA 
1927,MC,IA 
1928,MC,CC 
1929,CW,CC 
1931,CW,PP 
1932,MT,PP 
1933,CW,IA 
1934,EO,PP 
1935,CE,CE 
1937,IA,CC 
1938,CE,CC 
1939,IA,IA 
1941,CE,PP 
1942,CC,CC 
1943,PP,CC 
1944,ED,IA 
1945,CC,PP 
1946,CE,CE 
1947,MC,PP 
1948,CE,IA 
1949,CW,IA 
1950,ED,CC 
1951,CC,ED 
1952,MC,IA 
1954,PP,IA 
1955,PP,CC 
1956,CC,PP 
1958,ED,IA 
1960,MC,IA 
1961,CW,CC 
1962,MC,PP 
1963,CW,CC 
1965,EO,CC 
1967,EO,CC 
1969,ED,ED 
1970,MT,IA 
1971,CE,CE 
1972,CC,CC 
1974,IA,IA 
1975,ED,ED 
1976,EO,CC 
1977,CC,CC 
1978,MT,PP 
1979,MC,IA 
1980,PP,CE 
1981,ED,ED 
1982,MT,CC 
1983,CE,IA 
1984,CW,CC 
1985,CW,IA 
1987,CE,CE 
1988,MT,PP 
1989,MC,CC 
1990,CW,CC 
1991,ED,IA 
1992,MT,CC 
1993,IA,IA 
1994,CW,PP 
1996,PP,PP 
1997,MC,PP 
1999,CC,ED 
2000,MT,PP 
2001,CE,CE 
2002,ED,ED 
2005,CW,CC 
2009,CW,PP 
2010,ED,CC 
2011,MT,IA 
2012,PP,CC 
2013,MT,IA 
2014,CE,CE 
2015,EO,IA 
2016,MT,IA 
2017,CC,IA 
2018,MC,CC 
2019,MT,CC 
2020,MC,CC 
2021,CE,IA 
2023,CW,IA 
2025,ED,ED 
2026,MC,IA 
2027,MT,MT 
2028,CE,CE 
2029,CE,CE 
2030,EO,CC 
2031,CC,PP 
2032,MT,CC 
2033,CC,CC 
2034,CC,CC 
2035,ED,ED 
2036,MT,IA 
2038,MC,IA 
2039,ED,ED 
2040,ED,IA 
2041,CE,IA 
2043,ED,ED 
2045,CW,PP 
2046,PP,IA 
2050,EO,PP 
2051,ED,IA 
2052,CC,ED 
2053,ED,CC 
2054,ED,ED 
2055,ED,ED 
2056,ED,ED 
2057,CE,CE 
2058,PP,IA 
2059,PP,ED 
2060,ED,ED 
2061,MT,PP 
2062,IA,PP 
2063,EO,CC 
2064,ED,CC 
2065,ED,ED 
2066,CW,CC 
2067,CE,CE 
2068,EO,CC 
2070,CE,IA 
2071,CC,CC 
2072,CW,MT 
2073,CE,CE 
2075,MC,CC 
2076,CW,PP 
2080,CW,CC 
2081,CW,PP 
2082,ED,ED 
2083,ED,CC 
2084,IA,ED 
2085,EO,CC 
2086,MC,IA 
2087,ED,CC 
2088,EO,PP 
2089,MC,PP 
2092,ED,ED 
2093,CW,CC 
2094,CE,CE 
2095,EO,CC 
2096,MT,CC 
2097,MT,PP 
2098,MT,PP 
2099,CE,CE 
2101,CE,CC 
2102,PP,IA 
2103,CE,IA 
2105,IA,CC 
2106,MT,PP 
2107,MT,IA 
2108,CW,CC 
2109,ED,CC 
2111,CE,CE 
2112,IA,IA 
2113,CW,CC 
2114,CW,CC 
2115,MT,IA 
2116,MC,IA 
2117,ED,ED 
2118,CE,PP 
2119,CW,CC 
2120,MT,PP 
2122,EO,CC 
2123,MT,PP 
2124,MT,IA 
2126,PP,IA 
2128,MT,PP 
2129,CE,CE 
2130,PP,CC 
2131,MC,CC 
2132,EO,PP 
2134,CW,CC 
2135,CE,IA 
2137,IA,IA 
2138,CE,CE 
2139,CW,PP 
2140,CW,CC 
2141,ED,ED 
2142,MC,IA 
2143,MT,CC 
2144,CW,CC 
2145,MC,IA 
2146,PP,IA 
2148,CW,CC 
2149,EO,CC 
2150,MT,CC 
2151,MC,IA 
2152,ED,IA 
2153,MC,CC 
2154,PP,CC 
2155,CW,CC 
2156,MC,IA 
2157,MC,CC 
2160,CE,PP 
2161,MC,IA 
2162,ED,ED 
2164,ED,CC 
2166,PP,IA 
2167,CE,CE 
2168,CW,CC 
2169,MT,CC 
2170,IA,IA 
2171,CE,CE 
2172,ED,ED 
2174,IA,CC 
2176,EO,PP 
2177,CC,ED 
2178,ED,ED 
2179,IA,CC 
2180,EO,CC 
2181,ED,CC 
2182,PP,CC 
2183,CE,CE 
2184,MC,CC 
2185,ED,CC 
2186,MT,CC 
2187,MT,CC 
2188,MC,CC 
2189,CE,CE 
2190,CW,PP 
2191,MC,IA 
2192,CE,IA 
2193,CW,CC 
2194,CW,CC 
2195,CW,ED 
2196,MT,MT 
2197,CC,PP 
2198,CE,IA 
2199,MC,IA 
2200,ED,ED 
2201,ED,ED 
2202,EO,PP 
2203,CE,CE 
2204,CW,CC 
2205,ED,ED 
2206,CW,CC 
2207,CE,CE 
2208,PP,CC 
2210,CE,CE 
2211,MT,IA 
2212,CE,CE 
2213,EO,PP 
2214,MC,PP 
2215,IA,IA 
2216,PP,CC 
2217,EO,PP 
2220,CC,PP 
2221,CE,CE 
2223,IA,CC 
2224,CW,CC 
2225,MT,IA 
2227,EO,ED 
2228,CW,IA 
2229,EO,CC 
2232,EO,CC 
2233,CE,CE 
2234,MT,PP 
2235,CC,ED 
2236,PP,IA 
2237,EO,IA 
2238,MT,PP 
2239,CC,PP 
2240,EO,CC 
2241,MC,IA 
2243,PP,IA 
2246,MC,CC 
2248,CC,PP 
2249,MT,IA 
2251,PP,IA 
2252,EO,ED 
2254,CE,IA 
2255,PP,CC 
2256,EO,CC 
2257,CW,CC 
2258,CW,PP 
2259,CE,CE 
2260,CE,CE 
2261,CW,IA 
2262,MC,ED 
2263,MC,CC 
2264,CC,PP 
2265,MC,IA 
2266,CC,ED 
2269,ED,ED 
2270,MC,CC 
2273,EO,CC 
2274,IA,CC 
2275,ED,CC 
2276,CW,PP 
2277,MT,CC 
2278,EO,ED 
2279,EO,CC 
2280,CC,ED 
2281,CW,IA 
2282,CC,PP 
2284,MT,CC 
2285,CE,CE 
2286,CW,IA 
2287,CE,CC 
2288,MC,CC 
2290,CE,CE 
2291,MC,CC 
2292,CE,CE 
2293,EO,ED 
2294,CE,IA 
2295,EO,CC 
2296,CC,CC 
2297,ED,ED 
2298,MC,CC 
2299,ED,CC 
2300,EO,PP 
2301,EO,CC 
2303,MT,IA 
2305,CW,CC 
2307,CC,CC 
2308,MT,CC 
2309,EO,CC 
2310,IA,IA 
2311,EO,IA 
2312,ED,IA 
2313,CW,PP 
2315,CW,IA 
2316,CW,PP 
2318,CC,ED 
2319,ED,IA 
2320,EO,CC 
2321,MT,PP 
2322,CE,CE 
2324,CW,PP 
2325,CE,CE 
2326,MC,CC 
2327,ED,IA 
2328,MC,IA 
2329,ED,ED 
2330,MT,MT 
2331,CE,IA 
2332,CE,IA 
2333,CW,PP 
2335,CE,CE 
2336,CE,CC 
2338,MC,IA 
2339,CE,PP 
2340,MT,IA 
2341,CE,CC 
2342,CC,CC 
2343,PP,IA 
2344,CE,CE 
2345,PP,CC 
2346,CW,IA 
2347,CC,PP 
2348,ED,CC 
2349,MC,CC 
2350,CE,CE 
2352,CE,IA 
2353,IA,IA 
2354,ED,IA 
2355,CC,CC 
2356,PP,IA 
2357,CC,PP 
2359,CW,CC 
2360,ED,IA 
2361,CE,CE 
2362,ED,ED 
2363,CW,PP 
2364,ED,CC 
2365,EO,CC 
2367,CW,CC 
2368,CE,CE 
2369,ED,IA 
2370,ED,ED 
2371,MC,IA 
2372,ED,CC 
2373,CE,CE 
2374,IA,IA 
2376,CW,IA 
2377,CE,CE 
2378,CE,CE 
2379,MT,IA 
2380,EO,IA 
2381,MC,IA 
2382,CW,CC 
2384,CW,IA 
2385,MC,CC 
2386,MC,CC 
2392,CC,CC 
2393,CC,EO 
2394,CC,CC 
2395,CW,PP 
2396,CW,IA 
2397,CC,CC 
2398,CW,CC 
2399,CW,CC 
2400,CW,CC 
2402,CC,PP 
2404,ED,CC 
2406,EO,IA 
2407,MT,IA 
2408,CE,CE 
2409,ED,ED 
2410,CE,CC 
2411,CW,CC 
2412,CC,CC 
2413,MC,IA 
2414,MT,PP 
2415,CE,CE 
2416,PP,CC 
2417,CW,IA 
2418,CE,IA 
2419,CE,IA 
2420,IA,ED 
2421,PP,ED 
2423,CW,IA 
2424,ED,ED 
2426,IA,IA 
2427,ED,ED 
2428,EO,PP 
2429,CW,PP 
2432,CC,PP 
2433,EO,IA 
2434,MT,PP 
2435,CE,CE 
2436,CE,PP 
2437,EO,IA 
2438,CE,CE 
2439,CC,CC 
2440,IA,CC 
2443,CW,PP 
2444,PP,CC 
2445,ED,CC 
2446,MC,CC 
2447,CE,CE 
2448,ED,ED 
2449,MC,IA 
2450,MC,CC 
2451,MT,IA 
2452,IA,CC 
2453,PP,CC 
2455,CC,PP 
2456,CW,CC 
2457,PP,CC 
2458,MC,CC 
2459,CW,CC 
2460,CE,IA 
2461,ED,ED 
2463,MT,MT 
2464,ED,ED 
2465,MT,IA 
2466,ED,CC 
2468,ED,ED 
2469,MC,CC 
2470,IA,IA 
2471,MT,IA 
2474,MT,IA 
2475,CC,PP 
2477,PP,CE 
2478,CW,IA 
2480,CE,CE 
2482,MT,CC 
2483,CC,CC 
2484,MT,IA 
2486,CE,CE 
2487,CW,CC 
2488,PP,IA 
2489,MT,PP 
2491,PP,CE 
2492,EO,CC 
2493,CW,CC 
2494,MC,CC 
2495,CC,ED 
2498,MC,IA 
2500,CW,IA 
2501,IA,CC 
2502,CE,CE 
2505,IA,IA 
2506,MC,IA 
2508,CW,CC 
2509,CW,IA 
2510,CC,PP 
2511,ED,ED 
2512,MT,IA 
2513,CW,IA 
2514,IA,CC 
2515,PP,ED 
2518,ED,CC 
2519,ED,CC 
2520,MC,IA 
2521,EO,ED 
2522,MT,IA 
2523,CW,IA 
2524,EO,CC 
2525,ED,CC 
2526,ED,ED 
2527,CE,CE 
2528,MC,PP 
2529,MC,PP 
2530,EO,CC 
2531,CW,CC 
2532,CW,IA 
2534,EO,CC 
2535,MC,PP 
2536,CC,IA 
2538,CC,CC 
2539,PP,IA 
2540,EO,IA 
2541,CC,PP 
2542,ED,CC 
2543,CC,CC 
2544,MT,MT 
2545,CC,EO 
2547,EO,CC 
2548,PP,CC 
2549,EO,IA 
2551,ED,ED 
2552,MT,CC 
2553,MT,IA 
2554,IA,IA 
2555,CE,CC 
2556,ED,ED 
2557,ED,CC 
2558,MT,CC 
2560,EO,CC 
2562,CE,IA 
2563,IA,IA 
2564,MT,CC 
2565,PP,IA 
2566,IA,CC 
2567,ED,CC 
2568,MC,IA 
2569,EO,IA 
2570,EO,IA 
2571,MT,CC 
2572,MT,IA 
2573,CE,CE 
2574,CW,CC 
2576,CW,PP 
2577,IA,CC 
2578,CW,CC 
2579,CW,CC 
2580,MT,MT 
2581,PP,CC 
2582,CW,CC 
2584,CW,ED 
2585,CW,IA 
2586,MT,PP 
2587,IA,CC 
2589,PP,PP 
2590,EO,PP 
2591,MC,CC 
2592,PP,CC 
2594,EO,IA 
2596,CE,CE 
2598,CW,CC 
2599,CE,CE 
2600,EO,CC 
2601,ED,ED 
2602,CW,IA 
2603,MT,CC 
2605,CE,CE 
2607,CW,IA 
2608,ED,CC 
2609,EO,PP 
2610,CE,CE 
2611,PP,PP 
2612,IA,IA 
2615,CC,PP 
2616,CC,PP 
2617,MC,IA 
2618,CE,IA 
2619,PP,CC 
2620,MT,PP 
2622,MC,IA 
2623,PP,CC 
2624,PP,CC 
2625,ED,ED 
2626,PP,CC 
2627,EO,PP 
2629,CW,PP 
2630,EO,IA 
2631,ED,IA 
2632,ED,ED 
2633,CE,IA 
2634,CW,IA 
2635,PP,CC 
2636,CE,CE 
2637,MT,IA 
2638,MT,MT 
2639,CW,CC 
2640,MT,PP 
2642,ED,ED 
2643,CE,CE 
2644,CW,CC 
2645,CE,CE 
2646,IA,CC 
2648,CC,PP 
2649,CE,CC 
2650,PP,CC 
2651,EO,CC 
2652,CE,CE 
2653,ED,CC 
2654,CW,CC 
2656,CW,CC 
2658,PP,IA 
2660,CW,PP 
2663,EO,CC 
2664,PP,CC 
2665,ED,CC 
2666,CE,CE 
2667,CE,CE 
2668,MC,PP 
2669,PP,CC 
2670,PP,CC 
2671,EO,PP 
2673,CW,CC 
2674,ED,ED 
2675,EO,CC 
2676,IA,IA 
2677,MC,IA 
2678,CE,CE 
2679,CE,IA 
2680,ED,ED 
2681,ED,CC 
2682,CE,CE 
2683,CC,PP 
2687,PP,CC 
2688,ED,ED 
2689,CE,CE 
2690,CE,CE 
2691,CE,CE 
2692,PP,IA 
2694,CW,CC 
2695,CW,CC 
2698,ED,CC 
2699,EO,CC 
2700,ED,CC 
2701,MC,CC 
2702,CE,PP 
2703,MT,IA 
2704,CW,IA 
2705,MT,IA 
2706,PP,CC 
2708,EO,CC 
2709,MT,CC 
2710,CW,IA 
2711,CW,CC 
2712,CW,CC 
2713,CC,ED 
2714,EO,CC 
2716,EO,CC 
2717,MC,IA 
2718,MC,CC 
2719,CW,IA 
2720,CE,CE 
2721,CW,CC 
2722,PP,CC 
2723,CW,CC 
2725,IA,CC 
2727,ED,CC 
2728,MC,CC 
2729,ED,ED 
2730,CC,IA 
2731,CW,PP 
2732,CE,CE 
2733,PP,ED 
2734,CE,CC 
2735,ED,CC 
2736,MC,IA 
2737,PP,CC 
2738,CW,IA 
2740,CW,PP 
2741,MC,IA 
2742,PP,CC 
2743,CW,IA 
2744,PP,IA 
2745,MC,CC 
2746,CW,IA 
2747,CW,CC 
2748,CC,CC 
2749,CC,ED 
2750,MC,CC 
2751,ED,CC 
2752,MT,CC 
2754,PP,CC 
2755,EO,CC 
2756,MT,CC 
2758,CE,IA 
2759,MC,CC 
2761,PP,IA 
2763,PP,IA 
2764,ED,CC 
2765,CW,EO 
2767,CW,IA 
2768,PP,MT 
2770,MT,PP 
2771,EO,CC 
2772,CC,CC 
2773,EO,CC 
2774,CW,PP 
2775,MT,IA 
2776,CE,CC 
2778,MC,CC 
2779,CW,PP 
2780,EO,CC 
2781,MC,CC 
2782,CE,CC 
2783,CW,CC 
2784,EO,PP 
2785,CW,CC 
2786,MT,IA 
2787,MT,CC 
2788,EO,IA 
2789,CW,CC 
2790,CW,CC 
2791,CE,CE 
2792,ED,ED 
2793,CW,CC 
2794,IA,IA 
2795,PP,IA 
2796,CW,IA 
2797,CE,CE 
2798,CE,CE 
2799,CW,PP 
2800,MC,IA 
2801,MC,IA 
2802,CC,CC 
2806,MC,CC 
2807,CW,CC 
2808,EO,CC 
2809,CW,EO 
2810,CE,CE 
2811,CE,ED 
2812,PP,IA 
2813,CW,IA 
2816,ED,CC 
2817,MC,IA 
2819,CW,CC 
2820,MT,IA 
2821,CE,CE 
2822,CW,IA 
2823,CC,ED 
2824,CW,CC 
2825,MT,IA 
2826,IA,IA 
2827,CW,IA 
2828,IA,CC 
2830,MT,CC 
2831,ED,ED 
2833,CC,IA 
2834,ED,CC 
2835,CE,CE 
2836,PP,CC 
2837,CW,PP 
2838,ED,CC 
2839,CC,EO 
2840,CE,CE 
2841,EO,CC 
2842,MC,CC 
2844,ED,ED 
2845,CE,CE 
2846,MT,IA 
2848,CC,ED 
2850,CW,IA 
2851,CE,CE 
2852,MC,IA 
2853,PP,CC 
2854,PP,CC 
2855,ED,CC 
2856,CE,CE 
2857,CC,ED 
2858,PP,IA 
2859,MC,IA 
2861,CW,IA 
2862,CC,PP 
2863,CW,CC 
2864,MT,CC 
2866,IA,IA 
2867,ED,CC 
2868,MC,CC 
2869,MC,IA 
2870,CE,CE 
2871,PP,CC 
2872,MC,CC 
2873,CW,CC 
2875,CC,CC 
2876,MC,IA 
2877,PP,CC 
2878,MC,CC 
2879,CE,CE 
2880,CE,IA 
2881,IA,IA 
2882,MC,IA 
2883,CW,IA 
2884,PP,IA 
2885,PP,IA 
2886,ED,ED 
2888,ED,IA 
2889,ED,ED 
2890,CW,ED 
2891,CE,CE 
2892,MT,IA 
2894,CW,CC 
2895,MT,CC 
2896,IA,CC 
2897,MC,IA 
2898,ED,ED 
2899,CE,CE 
2900,CC,CC 
2901,CE,CE 
2904,CW,IA 
2906,IA,PP 
2907,PP,CC 
2908,MC,IA 
2909,CC,PP 
2910,ED,CC 
2911,IA,CC 
2912,CW,CC 
2913,PP,CC 
2915,MT,IA 
2916,CC,IA 
2917,EO,CC 
2919,MT,CC 
2920,ED,ED 
2921,MC,IA 
2922,MT,ED 
2924,PP,CC 
2925,CC,CC 
2926,IA,IA 
2927,CE,CE 
2928,PP,IA 
2929,PP,IA 
2931,MC,CC 
2932,MT,MT 
2935,CE,CE 
2936,EO,CC 
2937,CW,CC 
2938,CE,CE 
2939,EO,CC 
2940,MC,IA 
2941,CE,CE 
2942,EO,CC 
2943,CW,IA 
2944,MC,IA 
2945,EO,CC 
2947,CE,IA 
2949,MC,CC 
2950,MT,CC 
2951,EO,IA 
2952,EO,CC 
2953,MC,IA 
2955,EO,CC 
2956,ED,ED 
2957,PP,IA 
2958,MT,CC 
2959,CC,PP 
2961,CW,CC 
2962,PP,CC 
2963,EO,CC 
2964,IA,IA 
2965,MC,IA 
2966,CE,CE 
2967,CE,IA 
2968,PP,IA 
2969,EO,CC 
2970,CW,IA 
2973,ED,CC 
2974,CW,EO 
2975,MC,IA 
2976,ED,ED 
2978,CC,CC 
2979,PP,CC 
2981,CE,CC 
2982,MC,CC 
2983,CE,IA 
2984,PP,IA 
2985,CW,CC 
2986,EO,CC 
2987,MC,IA 
2989,ED,ED 
2990,IA,IA 
2991,MT,CC 
2992,ED,CC 
2993,CW,CC 
2994,EO,CC 
2995,MT,CC 
2996,IA,CC 
2997,CE,IA 
2998,EO,IA 
2999,CE,CE 
3000,MT,PP 
3001,CE,CE 
3002,ED,ED 
3005,CW,CC 
3009,CW,PP 
3010,ED,CC 
3011,MT,IA 
3012,PP,CC 
3013,MT,IA 
3014,CE,CE 
3015,EO,IA 
3016,MT,CC 
3017,CC,IA 
3018,MC,CC 
3019,MT,CC 
3020,MC,CC 
3021,CE,IA 
3023,CW,IA 
3025,ED,ED 
3026,MC,IA 
3027,MT,MT 
3028,CE,CE 
3029,CE,CE 
3030,EO,CC 
3031,CC,PP 
3032,MT,CC 
3033,CC,CC 
3034,CC,CC 
3035,ED,ED 
3036,MT,IA 
3038,MC,IA 
3039,ED,ED 
3040,ED,IA 
3041,CE,IA 
3043,ED,ED 
3045,CW,PP 
3046,PP,IA 
3050,EO,PP 
3051,ED,IA 
3052,CC,ED 
3053,ED,CC 
3054,ED,ED 
3055,ED,ED 
3056,ED,ED 
3057,CE,CE 
3058,PP,IA 
3059,PP,ED 
3060,ED,ED 
3061,MT,PP 
3062,IA,PP 
3063,EO,CC 
3064,ED,CC 
3065,ED,ED 
3066,CW,CC 
3067,CE,CE 
3068,EO,CC 
3070,CE,IA 
3071,CC,CC 
3072,CW,MT 
3073,CE,CE 
3075,MC,CC 
3076,CW,PP 
3080,CW,CC 
3081,CW,PP 
3082,ED,ED 
3083,ED,CC 
3084,IA,ED 
3085,EO,CC 
3086,MC,IA 
3087,ED,CC 
3088,EO,PP 
3089,MC,PP 
3092,ED,ED 
3093,CW,CC 
3094,CE,CE 
3095,EO,CC 
3096,MT,CC 
3097,MT,PP 
3098,MT,PP 
3099,CE,CE 
3101,CE,CC 
3102,PP,IA 
3103,CE,IA 
3105,IA,CC 
3106,MT,PP 
3107,MT,IA 
3108,CW,CC 
3109,ED,CC 
3111,CE,CE 
3112,IA,IA 
3113,CW,CC 
3114,CW,CC 
3115,MT,IA 
3116,MC,IA 
3117,ED,ED 
3118,CE,PP 
3119,CW,CC 
3120,MT,PP 
3122,EO,CC 
3123,MT,PP 
3124,MT,IA 
3126,PP,IA 
3128,MT,PP 
3129,CE,CE 
3130,PP,CC 
3131,MC,CC 
3132,EO,PP 
3134,CW,CC 
3135,CE,IA 
3137,IA,IA 
3138,CE,CE 
3139,CW,PP 
3140,CW,CC 
3141,ED,ED 
3142,MC,IA 
3143,MT,CC 
3144,CW,CC 
3145,MC,IA 
3146,PP,IA 
3148,CW,CC 
3149,EO,CC 
3150,MT,CC 
3151,MC,IA 
3152,ED,IA 
3153,MC,CC 
3154,PP,CC 
3155,CW,CC 
3156,MC,IA 
3157,MC,CC 
3160,CE,PP 
3161,MC,IA 
3162,ED,ED 
3164,ED,CC 
3166,PP,IA 
3167,CE,CE 
3168,CW,CC 
3169,MT,CC 
3170,IA,IA 
3171,CE,CE 
3172,ED,ED 
3174,IA,CC 
3176,EO,PP 
3177,CC,ED 
3178,ED,ED 
3179,IA,CC 
3180,EO,CC 
3181,ED,CC 
3182,PP,CC 
3183,CE,CE 
3184,MC,CC 
3185,ED,CC 
3186,MT,CC 
3187,MT,CC 
3188,MC,CC 
3189,CE,CE 
3190,CW,PP 
3191,MC,IA 
3192,CE,IA 
3193,CW,CC 
3194,CW,CC 
3195,CW,ED 
3196,MT,MT 
3197,CC,PP 
3198,CE,IA 
3199,MC,IA 
3200,ED,ED 
3201,ED,ED 
3202,EO,PP 
3203,CE,CE 
3204,CW,CC 
3205,ED,CC 
3206,CW,CC 
3207,CE,CE 
3208,PP,CC 
3210,CE,CE 
3211,MT,IA 
3212,CE,CE 
3213,EO,PP 
3214,MC,PP 
3215,IA,IA 
3216,PP,CC 
3217,EO,PP 
3220,CC,PP 
3221,CE,CE 
3223,IA,CC 
3224,CW,CC 
3225,MT,IA 
3227,EO,ED 
3228,CW,IA 
3229,EO,CC 
3232,EO,CC 
3233,CE,CE 
3234,MT,PP 
3235,CC,ED 
3236,PP,IA 
3237,EO,IA 
3238,MT,PP 
3239,CC,PP 
3240,EO,CC 
3241,MC,IA 
3243,PP,IA 
3246,MC,CC 
3248,CC,PP 
3249,MT,IA 
3251,PP,IA 
3252,EO,ED 
3254,CE,IA 
3255,PP,CC 
3256,EO,CC 
3257,CW,CC 
3258,CW,PP 
3259,CE,CE 
3260,CE,CE 
3261,CW,IA 
3262,MC,ED 
3263,MC,CC 
3264,CC,PP 
3265,MC,IA 
3266,CC,ED 
3269,ED,ED 
3270,MC,CC 
3273,EO,CC 
3274,IA,CC 
3275,ED,CC 
3276,CW,PP 
3277,MT,CC 
3278,EO,ED 
3279,EO,CC 
3280,CC,ED 
3281,CW,IA 
3282,CC,PP 
3284,MT,CC 
3285,CE,CE 
3286,CW,IA 
3287,CE,CC 
3288,MC,IA 
3290,CE,CE 
3291,MC,IA 
3292,CE,CC 
3293,EO,ED 
3294,CE,IA 
3295,EO,CC 
3296,CC,CC 
3297,ED,ED 
3298,MC,CC 
3299,ED,CC 
3300,EO,PP 
3301,EO,CC 
3303,MT,IA 
3305,CW,CC 
3307,CC,CC 
3308,MT,CC 
3309,EO,CC 
3310,IA,IA 
3311,EO,IA 
3312,ED,IA 
3313,CW,PP 
3315,CW,IA 
3316,CW,PP 
3318,CC,CC 
3319,ED,IA 
3320,EO,CC 
3321,MT,PP 
3322,CE,CE 
3324,CW,PP 
3325,CE,CE 
3326,MC,CC 
3327,ED,IA 
3328,MC,IA 
3329,ED,ED 
3330,MT,CC 
3331,CE,IA 
3332,CE,IA 
3333,CW,PP 
3335,CE,CE 
3336,CE,CC 
3338,MC,IA 
3339,CE,PP 
3340,MT,IA 
3341,CE,CC 
3342,CC,CC 
3343,PP,IA 
3344,CE,CE 
3345,PP,CC 
3346,CW,IA 
3347,CC,PP 
3348,ED,CC 
3349,MC,CC 
3350,CE,CE 
3352,CE,IA 
3353,IA,IA 
3354,ED,IA 
3355,CC,CC 
3356,PP,IA 
3357,CC,PP 
3359,CW,CC 
3360,ED,IA 
3361,CE,CE 
3362,ED,ED 
3363,CW,PP 
3364,ED,CC 
3365,EO,CC 
3367,CW,CC 
3368,CE,CE 
3369,ED,IA 
3370,ED,ED 
3371,MC,IA 
3372,ED,CC 
3373,CE,CE 
3374,IA,IA 
3376,CW,IA 
3377,CE,CE 
3378,CE,CE 
3379,MT,IA 
3380,EO,IA 
3381,MC,IA 
3382,CW,CC 
3384,CW,CC 
3385,MC,CC 
3386,MC,CC 
3392,CC,CC 
3393,CC,EO 
3394,CC,CC 
3395,CW,PP 
3396,CW,IA 
3397,CC,CC 
3398,CW,CC 
3399,CW,CC 
3400,CW,CC 
3402,CC,PP 
3404,ED,CC 
3406,EO,IA 
3407,MT,IA 
3408,CE,CE 
3409,ED,ED 
3410,CE,CC 
3411,CW,CC 
3412,CC,CC 
3413,MC,IA 
3414,MT,PP 
3415,CE,CE 
3416,PP,CC 
3417,CW,IA 
3418,CE,IA 
3419,CE,IA 
3420,IA,ED 
3421,PP,ED 
3423,CW,IA 
3424,ED,ED 
3426,IA,IA 
3427,ED,ED 
3428,EO,PP 
3429,CW,PP 
3432,CC,PP 
3433,EO,IA 
3434,MT,PP 
3435,CE,CE 
3436,CE,PP 
3437,EO,IA 
3438,CE,CE 
3439,CC,CC 
3440,IA,CC 
3443,CW,PP 
3444,PP,CC 
3445,ED,ED 
3446,MC,CC 
3447,CE,CE 
3448,ED,ED 
3449,MC,IA 
3450,MC,CC 
3451,MT,IA 
3452,IA,CC 
3453,PP,CC 
3455,CC,PP 
3456,CW,CC 
3457,PP,CC 
3458,MC,CC 
3459,CW,CC 
3460,CE,IA 
3461,ED,ED 
3463,MT,MT 
3464,ED,ED 
3465,MT,IA 
3466,ED,CC 
3468,ED,ED 
3469,MC,IA 
3470,IA,IA 
3471,MT,IA 
3474,MT,IA 
3475,CC,PP 
3477,PP,CE 
3478,CW,IA 
3480,CE,CE 
3482,MT,CC 
3483,CC,CC 
3484,MT,IA 
3486,CE,CE 
3487,CW,CC 
3488,PP,IA 
3489,MT,PP 
3491,PP,CE 
3492,EO,CC 
3493,CW,CC 
3494,MC,CC 
3495,CC,ED 
3498,MC,IA 
3500,CW,IA 
3501,IA,CC 
3502,CE,CE 
3505,IA,IA 
3506,MC,IA 
3508,CW,CC 
3509,CW,IA 
3510,CC,PP 
3511,ED,ED 
3512,MT,IA 
3513,CW,IA 
3514,IA,CC 
3515,PP,ED 
3518,ED,CC 
3519,ED,CC 
3520,MC,IA 
3521,EO,ED 
3522,MT,IA 
3523,CW,IA 
3524,EO,CC 
3525,ED,CC 
3526,ED,ED 
3527,CE,CE 
3528,MC,PP 
3529,MC,PP 
3530,EO,CC 
3531,CW,CC 
3532,CW,IA 
3534,EO,CC 
3535,MC,PP 
3536,CC,IA 
3538,CC,CC 
3539,PP,IA 
3540,EO,IA 
3541,CC,PP 
3542,ED,CC 
3543,CC,CC 
3544,MT,MT 
3545,CC,EO 
3547,EO,CC 
3548,PP,CC 
3549,EO,IA 
3551,ED,ED 
3552,MT,ED 
3553,MT,IA 
3554,IA,IA 
3555,CE,CC 
3556,ED,ED 
3557,ED,ED 
3558,MT,CC 
3560,EO,CC 
3562,CE,IA 
3563,IA,IA 
3564,MT,CC 
3565,PP,IA 
3566,IA,CC 
3567,ED,CC 
3568,MC,IA 
3569,EO,IA 
3570,EO,IA 
3571,MT,CC 
3572,MT,IA 
3573,CE,CE 
3574,CW,CC 
3576,CW,PP 
3577,IA,IA 
3578,CW,CC 
3579,CW,CC 
3580,MT,MT 
3581,PP,CC 
3582,CW,CC 
3584,CW,ED 
3585,CW,IA 
3586,MT,PP 
3587,IA,CC 
3589,PP,PP 
3590,EO,PP 
3591,MC,CC 
3592,PP,CC 
3594,EO,IA 
3596,CE,CE 
3598,CW,CC 
3599,CE,CE 
3600,EO,CC 
3601,ED,ED 
3602,CW,IA 
3603,MT,CC 
3605,CE,CE 
3607,CW,IA 
3608,ED,CC 
3609,EO,PP 
3610,CE,CE 
3611,PP,PP 
3612,IA,IA 
3615,CC,PP 
3616,CC,PP 
3617,MC,IA 
3618,CE,IA 
3619,PP,CC 
3620,MT,PP 
3622,MC,IA 
3623,PP,CC 
3624,PP,CC 
3625,ED,CC 
3626,PP,CC 
3627,EO,IA 
3629,CW,PP 
3630,EO,IA 
3631,ED,IA 
3632,ED,ED 
3633,CE,ED 
3634,CW,IA 
3635,PP,CC 
3636,CE,CE 
3637,MT,IA 
3638,MT,MT 
3639,CW,CC 
3640,MT,PP 
3642,ED,ED 
3643,CE,CE 
3644,CW,CC 
3645,CE,CE 
3646,IA,CC 
3648,CC,PP 
3649,CE,CC 
3650,PP,CC 
3651,EO,CC 
3652,CE,CE 
3653,ED,IA 
3654,CW,CC 
3656,CW,CC 
3658,PP,CC 
3660,CW,PP 
3663,EO,CC 
3664,PP,CC 
3665,ED,CC 
3666,CE,CE 
3667,CE,CE 
3668,MC,PP 
3669,PP,CC 
3670,PP,CC 
3671,EO,PP 
3673,CW,CC 
3674,ED,ED 
3675,EO,CC 
3676,IA,IA 
3677,MC,IA 
3678,CE,CE 
3679,CE,IA 
3680,ED,ED 
3681,ED,CC 
3682,CE,CE 
3683,CC,PP 
3687,PP,CC 
3688,ED,ED 
3689,CE,CE 
3690,CE,CE 
3691,CE,CE 
3692,PP,IA 
3694,CW,IA 
3695,CW,CC 
3698,ED,CC 
3699,EO,CC 
3700,ED,CC 
3701,MC,CC 
3702,CE,PP 
3703,MT,IA 
3704,CW,IA 
3705,MT,IA 
3706,PP,ED 
3708,EO,CC 
3709,MT,CC 
3710,CW,IA 
3711,CW,CC 
3712,CW,CC 
3713,CC,ED 
3714,EO,CC 
3716,EO,CC 
3717,MC,IA 
3718,MC,CC 
3719,CW,IA 
3720,CE,CE 
3721,CW,CC 
3722,PP,CC 
3723,CW,CC 
3725,IA,CC 
3727,ED,CC 
3728,MC,CC 
3729,ED,ED 
3730,CC,IA 
3731,CW,PP 
3732,CE,CE 
3733,PP,ED 
3734,CE,CC 
3735,ED,CC 
3736,MC,IA 
3737,PP,CC 
3738,CW,IA 
3740,CW,PP 
3741,MC,IA 
3742,PP,CC 
3743,CW,IA 
3744,PP,IA 
3745,MC,CC 
3746,CW,IA 
3747,CW,CC 
3748,CC,CC 
3749,CC,ED 
3750,MC,CC 
3751,ED,CC 
3752,MT,CC 
3754,PP,CC 
3755,EO,CC 
3756,MT,CC 
3758,CE,IA 
3759,MC,CC 
3761,PP,CC 
3763,PP,IA 
3764,ED,CC 
3765,CW,PP 
3767,CW,IA 
3768,PP,MT 
3770,MT,PP 
3771,EO,CC 
3772,CC,CC 
3773,EO,CC 
3774,CW,PP 
3775,MT,IA 
3776,CE,CC 
3778,MC,CC 
3779,CW,PP 
3780,EO,CC 
3781,MC,CC 
3782,CE,CC 
3783,CW,CC 
3784,EO,PP 
3785,CW,CC 
3786,MT,IA 
3787,MT,CC 
3788,EO,IA 
3789,CW,CC 
3790,CW,CC 
3791,CE,CE 
3792,ED,ED 
3793,CW,CC 
3794,IA,IA 
3795,PP,IA 
3796,CW,IA 
3797,CE,CE 
3798,CE,CE 
3799,CW,PP 
3800,MC,PP 
3801,MC,IA 
3802,CC,CC 
3806,MC,CC 
3807,CW,CC 
3808,EO,CC 
3809,CW,EO 
3810,CE,CE 
3811,CE,ED 
3812,PP,IA 
3813,CW,IA 
3816,ED,CC 
3817,MC,IA 
3819,CW,CC 
3820,MT,IA 
3821,CE,CE 
3822,CW,IA 
3823,CC,ED 
3824,CW,CC 
3825,MT,IA 
3826,IA,IA 
3827,CW,IA 
3828,IA,CC 
3830,MT,CC 
3831,ED,ED 
3833,CC,IA 
3834,ED,CC 
3835,CE,CE 
3836,PP,CC 
3837,CW,PP 
3838,ED,CC 
3839,CC,EO 
3840,CE,CE 
3841,EO,CC 
3842,MC,CC 
3844,ED,ED 
3845,CE,CE 
3846,MT,IA 
3848,CC,ED 
3850,CW,IA 
3851,CE,CE 
3852,MC,IA 
3853,PP,CC 
3854,PP,CC 
3855,ED,CC 
3856,CE,CE 
3857,CC,ED 
3858,PP,IA 
3859,MC,IA 
3861,CW,IA 
3862,CC,PP 
3863,CW,CC 
3864,MT,CC 
3866,IA,IA 
3867,ED,CC 
3868,MC,CC 
3869,MC,IA 
3870,CE,CE 
3871,PP,CC 
3872,MC,CC 
3873,CW,CC 
3875,CC,CC 
3876,MC,IA 
3877,PP,CC 
3878,MC,CC 
3879,CE,CE 
3880,CE,IA 
3881,IA,IA 
3882,MC,IA 
3883,CW,IA 
3884,PP,IA 
3885,PP,IA 
3886,ED,ED 
3888,ED,IA 
3889,ED,ED 
3890,CW,ED 
3891,CE,CE 
3892,MT,IA 
3894,CW,CC 
3895,MT,CC 
3896,IA,CC 
3897,MC,IA 
3898,ED,ED 
3899,CE,CE 
3900,CC,CC 
3901,CE,CE 
3904,CW,IA 
3906,IA,PP 
3907,PP,CC 
3908,MC,IA 
3909,CC,PP 
3910,ED,CC 
3911,IA,CC 
3912,CW,CC 
3913,PP,CC 
3915,MT,IA 
3916,CC,IA 
3917,EO,CC 
3919,MT,CC 
3920,ED,ED 
3921,MC,IA 
3922,MT,ED 
3924,PP,IA 
3925,CC,CC 
3926,IA,IA 
3927,CE,CE 
3928,PP,IA 
3929,PP,IA 
3931,MC,CC 
3932,MT,MT 
3935,CE,CE 
3936,EO,CC 
3937,CW,CC 
3938,CE,CE 
3939,EO,CC 
3940,MC,IA 
3941,CE,CE 
3942,EO,CC 
3943,CW,IA 
3944,MC,CC 
3945,EO,CC 
3947,CE,IA 
3949,MC,CC 
3950,MT,CC 
3951,EO,IA 
3952,EO,CC 
3953,MC,IA 
3955,EO,CC 
3956,ED,ED 
3957,PP,IA 
3958,MT,CC 
3959,CC,PP 
3961,CW,CC 
3962,PP,CC 
3963,EO,CC 
3964,IA,IA 
3965,MC,IA 
3966,CE,CE 
3967,CE,IA 
3968,PP,IA 
3969,EO,CC 
3970,CW,IA 
3973,ED,CC 
3974,CW,EO 
3975,MC,IA 
3976,ED,ED 
3978,CC,CC 
3979,PP,CC 
3981,CE,CC 
3982,MC,CC 
3983,CE,IA 
3984,PP,IA 
3985,CW,CC 
3986,EO,CC 
3987,MC,IA 
3989,ED,ED 
3990,IA,IA 
3991,MT,CC 
3992,ED,CC 
3993,CW,CC 
3994,EO,CC 
3995,MT,CC 
3996,IA,CC 
3997,CE,IA 
3998,EO,IA 
3999,CE,CE 
4002,CC,CC 
4004,CW,CC 
4005,CW,IA 
4007,CE,CC 
4008,CW,CC 
4009,CW,CC 
4010,MT,IA 
4011,EO,PP 
4012,CC,CC 
4015,EO,CC 
4016,ED,CC 
4017,EO,CC 
4018,CW,IA 
4019,PP,ED 
4021,MT,MT 
4023,EO,CC 
4024,ED,ED 
4026,MC,CC 
4027,CW,CC 
4029,ED,CC 
4030,CE,IA 
4033,EO,CC 
4035,ED,CC 
4036,MC,IA 
4037,CE,CE 
4038,CE,CE 
4039,EO,CC 
4040,MT,MT 
4041,CW,CC 
4042,CW,IA 
4044,ED,CC 
4045,ED,ED 
4046,CE,IA 
4049,MC,CC 
4051,EO,CC 
4052,CE,CE 
4054,MT,CC 
4055,CW,CC 
4056,PP,CC 
4057,CE,CE 
4058,PP,CC 
4059,CW,CC 
4060,IA,CC 
4062,CE,CE 
4063,MC,IA 
4064,CW,CC 
4066,CW,CC 
4067,ED,CE 
4069,PP,IA 
4070,CE,CE 
4071,CW,CC 
4072,CE,CE 
4073,PP,CC 
4074,PP,CC 
4075,CW,CC 
4076,EO,IA 
4077,MC,CC 
4078,CC,ED 
4079,CC,IA 
4080,CE,IA 
4081,EO,PP 
4082,CC,ED 
4083,ED,ED 
4084,MT,PP 
4085,MC,CC 
4086,IA,IA 
4087,PP,CC 
4089,IA,IA 
4090,CW,PP 
4091,ED,IA 
4092,CW,IA 
4093,MC,IA 
4094,CC,CC 
4096,PP,CE 
4097,ED,IA 
4098,MT,CC 
4099,MC,CC 
4100,ED,CC 
4102,EO,CC 
4104,CC,IA 
4105,MT,IA 
4107,MT,IA 
4108,CW,CC 
4109,MC,IA 
4110,ED,ED 
4111,IA,IA 
4112,ED,ED 
4113,CW,IA 
4115,EO,PP 
4116,CW,CC 
4118,IA,IA 
4119,PP,IA 
4120,ED,ED 
4121,PP,IA 
4122,PP,IA 
4123,EO,PP 
4124,CE,CC 
4125,CW,IA 
4126,PP,CC 
4127,EO,CC 
4131,CW,CC 
4132,PP,CC 
4134,PP,CE 
4135,EO,PP 
4136,ED,CC 
4137,CW,CC 
4138,MC,ED 
4139,MC,IA 
4140,PP,IA 
4141,MC,CC 
4143,MT,CC 
4144,EO,CC 
4146,EO,CC 
4147,MC,CC 
4148,IA,IA 
4150,MC,IA 
4151,EO,PP 
4152,MC,CC 
4153,CC,CC 
4154,CW,IA 
4155,MC,IA 
4156,MC,CC 
4157,PP,CC 
4158,MC,CC 
4160,CW,ED 
4161,ED,ED 
4163,MT,CC 
4165,CE,CE 
4166,MT,CC 
4167,CE,IA 
4168,IA,CC 
4169,CW,IA 
4170,ED,ED 
4171,CW,PP 
4172,IA,CC 
4173,PP,IA 
4175,EO,IA 
4177,CE,CE 
4178,CE,CE 
4179,CC,ED 
4181,PP,CC 
4184,CC,ED 
4185,CC,CC 
4186,CW,CC 
4189,ED,CC 
4190,CW,CC 
4192,PP,CC 
4195,CE,CE 
4197,EO,CC 
4199,CW,CC 
4200,MT,PP 
4201,MC,CC 
4202,MC,CC 
4203,PP,CC 
4204,ED,CC 
4206,CE,CE 
4207,ED,IA 
4208,MT,PP 
4209,CW,CC 
4210,CW,IA 
4211,IA,IA 
4212,CE,CE 
4213,ED,ED 
4214,MT,CC 
4215,ED,CC 
4216,IA,CC 
4218,IA,CC 
4219,MC,IA 
4220,PP,IA 
4221,MC,IA 
4222,ED,IA 
4223,CW,CC 
4224,EO,PP 
4225,CW,CC 
4226,MC,CC 
4227,PP,IA 
4228,CC,CC 
4229,MT,CC 
4230,PP,CC 
4231,ED,IA 
4233,CE,IA 
4234,CW,CC 
4235,CC,CC 
4236,IA,IA 
4237,PP,CC 
4238,MT,IA 
4239,CE,CE 
4241,EO,PP 
4242,EO,CC 
4243,ED,CC 
4244,IA,IA 
4245,MT,PP 
4246,MC,PP 
4247,MT,CC 
4248,CE,IA 
4249,CC,CC 
4250,CW,PP 
4251,CC,CC 
4252,ED,ED 
4253,CW,CC 
4256,CW,IA 
4257,MC,IA 
4258,EO,CC 
4260,ED,CC 
4261,CC,IA 
4262,PP,CC 
4263,IA,IA 
4265,CC,CC 
4266,ED,ED 
4269,IA,PP 
4270,MC,CC 
4271,CE,IA 
4272,MT,IA 
4275,CE,CE 
4276,MC,IA 
4278,CE,PP 
4279,MT,CC 
4280,CE,IA 
4282,IA,PP 
4283,PP,CC 
4284,EO,CC 
4287,CE,IA 
4288,MC,CC 
4289,PP,IA 
4290,ED,CC 
4291,ED,IA 
4293,CE,CE 
4294,CW,CC 
4295,MT,CC 
4296,CE,CE 
4297,MC,CC 
4299,CW,PP 
4300,CW,CC 
4301,ED,ED 
4302,ED,ED 
4303,CC,CC 
4304,ED,ED 
4305,ED,CC 
4306,MC,IA 
4309,PP,IA 
4310,EO,CC 
4311,CC,CC 
4312,EO,CC 
4313,CE,CC 
4314,ED,ED 
4315,MT,PP 
4316,IA,IA 
4319,EO,IA 
4320,CE,IA 
4322,CE,CE 
4323,IA,CC 
4324,MC,CC 
4325,CW,CC 
4326,EO,CC 
4327,ED,CC 
4329,PP,IA 
4330,MT,CC 
4332,EO,IA 
4333,ED,ED 
4334,MT,IA 
4336,CC,PP 
4337,EO,IA 
4338,MC,CC 
4339,IA,CC 
4340,CW,IA 
4341,CW,CC 
4343,CW,CC 
4345,EO,CC 
4346,EO,ED 
4347,MT,IA 
4348,PP,PP 
4349,MT,IA 
4350,MC,CC 
4351,MT,IA 
4352,PP,CC 
4353,ED,ED 
4354,PP,CC 
4355,CE,CE 
4357,MC,IA 
4358,CW,CC 
4359,ED,CC 
4360,CE,CE 
4362,CW,CC 
4363,IA,ED 
4364,ED,IA 
4366,EO,CC 
4368,CW,CC 
4369,CW,CC 
4370,CE,CE 
4371,IA,CC 
4372,MT,CC 
4373,MC,IA 
4374,CW,CC 
4375,CE,CC 
4376,CW,IA 
4377,MC,IA 
4378,ED,ED 
4379,EO,PP 
4380,MC,IA 
4381,CE,CC 
4382,CC,CC 
4383,CW,CC 
4384,MT,PP 
4385,IA,IA 
4386,MC,CC 
4389,CW,CC 
4390,CC,ED 
4391,MT,CC 
4393,CW,CC 
4394,ED,ED 
4395,CE,CE 
4396,CC,CC 
4397,IA,CC 
4398,MC,CC 
4399,PP,CC 
4400,MC,CC 
4401,CW,IA 
4402,CW,EO 
4403,CW,CC 
4404,MT,IA 
4405,CC,ED 
4408,PP,CC 
4409,MT,PP 
4412,MC,CC 
4414,ED,ED 
4415,MT,CC 
4416,CW,IA 
4417,PP,CC 
4419,MT,IA 
4420,CC,ED 
4421,PP,CC 
4422,PP,ED 
4423,ED,CC 
4424,MT,IA 
4425,CC,IA 
4426,PP,IA 
4428,CE,CE 
4429,MC,IA 
4430,MC,CC 
4431,ED,CC 
4432,MC,CC 
4433,EO,CC 
4435,ED,ED 
4436,EO,CC 
4437,MT,CC 
4438,PP,CC 
4439,CW,CC 
4441,PP,CC 
4442,ED,ED 
4443,ED,CC 
4444,CW,CC 
4445,PP,CC 
4446,EO,CC 
4447,MC,CC 
4448,ED,ED 
4449,IA,MT 
4450,CC,CC 
4451,MT,IA 
4452,CW,PP 
4454,CC,CC 
4456,ED,CC 
4457,CE,CE 
4458,IA,IA 
4459,CC,ED 
4460,CW,CC 
4461,MC,IA 
4463,MT,CC 
4464,EO,CC 
4465,MT,PP 
4466,EO,IA 
4467,CE,CE 
4468,CW,CC 
4469,CE,CC 
4470,ED,CC 
4471,ED,ED 
4472,CE,CC 
4473,EO,CC 
4474,ED,CC 
4476,MT,PP 
4477,PP,CC 
4479,IA,IA 
4480,CE,CE 
4481,EO,IA 
4482,PP,IA 
4483,EO,IA 
4484,ED,ED 
4485,CC,CC 
4486,EO,CC 
4487,ED,CC 
4488,PP,CC 
4490,MT,CC 
4491,PP,CC 
4492,PP,ED 
4493,MT,IA 
4494,ED,ED 
4495,CW,PP 
4498,MT,CC 
4499,CW,CC 
4500,EO,CC 
4501,ED,ED 
4502,EO,IA 
4503,EO,CC 
4504,PP,IA 
4505,CW,IA 
4507,PP,IA 
4508,MC,CC 
4509,CC,ED 
4510,PP,CC 
4511,EO,CC 
4512,ED,CC 
4513,CW,CC 
4514,CE,ED 
4516,CE,CE 
4517,CW,PP 
4519,CE,IA 
4520,CE,CE 
4521,PP,CC 
4522,ED,CC 
4523,IA,CC 
4524,EO,IA 
4525,MC,IA 
4526,CW,CC 
4527,CE,CE 
4528,ED,CC 
4531,ED,ED 
4532,MC,IA 
4534,EO,CC 
4536,CE,CC 
4537,CW,ED 
4538,CE,CE 
4539,ED,ED 
4540,ED,ED 
4541,CW,CC 
4542,PP,IA 
4543,MT,MT 
4544,MC,CC 
4545,PP,IA 
4546,PP,CC 
4547,PP,CC 
4548,CC,CC 
4549,CC,ED 
4551,IA,IA 
4552,PP,PP 
4553,PP,IA 
4554,CW,CC 
4555,CW,IA 
4556,MT,CC 
4557,CE,PP 
4558,MT,IA 
4560,MC,IA 
4561,MC,CC 
4562,ED,IA 
4563,PP,CC 
4564,PP,CC 
4565,MC,IA 
4566,CW,CC 
4567,EO,CC 
4568,CC,CC 
4569,CE,CE 
4570,CW,CC 
4571,CE,IA 
4573,MT,CC 
4576,MT,CC 
4577,IA,IA 
4578,MC,CC 
4579,MT,CC 
4580,IA,IA 
4581,PP,IA 
4583,EO,CC 
4584,ED,ED 
4585,CE,CE 
4586,CW,CC 
4588,MT,CC 
4589,MC,CC 
4590,CE,CE 
4591,EO,IA 
4592,MT,MT 
4593,EO,PP 
4594,MC,PP 
4596,ED,ED 
4597,CC,CC 
4598,MC,IA 
4599,EO,CC 
4600,CC,CC 
4602,CW,MT 
4604,PP,IA 
4608,PP,ED 
4609,CW,PP 
4611,CE,CC 
4612,CW,CC 
4613,CE,CE 
4614,ED,ED 
4615,MT,IA 
4616,MT,CC 
4617,ED,ED 
4618,EO,CC 
4619,MC,IA 
4620,CW,PP 
4621,MC,CC 
4622,MC,CC 
4623,EO,PP 
4625,ED,ED 
4626,EO,CC 
4627,ED,ED 
4628,ED,ED 
4629,ED,CC 
4630,CE,CE 
4631,CW,IA 
4632,ED,ED 
4633,MC,IA 
4636,IA,IA 
4638,ED,CC 
4639,MT,CC 
4640,MT,IA 
4642,CC,CC 
4643,IA,CC 
4644,CW,CC 
4645,MT,CC 
4646,CW,CC 
4647,CE,CE 
4648,MC,CC 
4649,CC,CC 
4650,CW,CC 
4652,MC,IA 
4653,CC,ED 
4654,PP,CC 
4655,CE,CE 
4657,ED,ED 
4658,CE,CE 
4659,CC,CC 
4660,ED,ED 
4661,CW,PP 
4662,CW,CC 
4663,EO,CC 
4664,PP,ED 
4665,MT,CC 
4666,CC,CC 
4667,CW,CC 
4669,CC,CC 
4670,EO,CC 
4671,CW,CC 
4672,EO,IA 
4673,ED,CC 
4675,MT,MT 
4679,ED,CC 
4680,CC,IA 
4681,ED,ED 
4683,CC,CC 
4684,ED,ED 
4686,MC,CC 
4687,IA,IA 
4688,CW,CC 
4689,CW,CC 
4690,ED,CC 
4691,MT,CC 
4692,MT,IA 
4693,CW,CC 
4695,PP,CC 
4696,IA,IA 
4697,PP,CC 
4698,MT,CC 
4699,CE,CE 
4700,MT,CC 
4701,PP,CC 
4702,CC,CC 
4705,ED,IA 
4708,CE,CE 
4709,CC,ED 
4710,CW,PP 
4711,MT,MT 
4712,ED,ED 
4713,CE,CE 
4714,PP,ED 
4715,CE,CE 
4716,EO,CC 
4717,CW,IA 
4718,CE,CE 
4720,PP,IA 
4721,ED,CC 
4722,ED,ED 
4723,MC,CC 
4724,ED,ED 
4725,CC,CC 
4726,PP,CC 
4730,IA,IA 
4731,ED,ED 
4732,CW,CC 
4734,EO,CC 
4735,MC,IA 
4736,CE,CE 
4738,CE,CE 
4739,MC,IA 
4740,EO,ED 
4741,MT,CC 
4742,ED,ED 
4743,MC,IA 
4744,ED,ED 
4745,CC,EO 
4748,EO,CC 
4749,PP,ED 
4750,PP,CC 
4751,CE,CE 
4752,ED,IA 
4753,CC,CC 
4754,PP,IA 
4755,CC,ED 
4756,CW,IA 
4757,MT,CC 
4759,PP,CC 
4761,IA,IA 
4762,CE,CE 
4764,PP,CC 
4765,CE,CE 
4767,CW,IA 
4769,EO,IA 
4770,EO,ED 
4771,CW,CC 
4773,CE,IA 
4774,CW,CC 
4775,MT,CC 
4776,ED,CC 
4777,ED,CC 
4778,ED,CC 
4780,MT,CC 
4782,MC,IA 
4783,EO,PP 
4784,CW,IA 
4785,MC,CC 
4787,CW,EO 
4788,MC,IA 
4789,ED,ED 
4790,CE,CE 
4791,CW,CC 
4792,MT,MT 
4793,IA,IA 
4794,CE,CE 
4795,ED,CC 
4796,PP,CC 
4797,CE,IA 
4799,MT,CC 
4800,CC,CC 
4802,PP,CC 
4803,MC,CC 
4805,CE,CE 
4807,CC,CC 
4808,EO,CC 
4809,CC,CC 
4810,CE,CE 
4811,CC,IA 
4812,CC,CC 
4814,MT,CC 
4815,MC,CC 
4816,CC,CC 
4817,CW,IA 
4818,CE,CC 
4820,CW,IA 
4821,IA,IA 
4822,CW,IA 
4823,CE,CE 
4824,EO,CC 
4825,MT,PP 
4827,CE,PP 
4828,CC,ED 
4829,CW,CC 
4831,IA,CC 
4832,MT,PP 
4833,ED,ED 
4834,CW,CC 
4835,ED,CC 
4836,MC,CC 
4837,CW,CC 
4838,ED,CC 
4839,IA,IA 
4840,MT,PP 
4841,MT,CC 
4842,CC,IA 
4843,PP,IA 
4844,MT,CC 
4846,CE,CE 
4847,CW,IA 
4849,CE,CE 
4850,CE,IA 
4852,CE,PP 
4853,ED,MT 
4854,IA,IA 
4855,IA,CC 
4856,MT,CC 
4858,CE,IA 
4859,EO,CC 
4862,MC,CC 
4863,IA,IA 
4864,ED,CC 
4866,PP,CC 
4867,PP,IA 
4868,CW,IA 
4869,EO,CC 
4870,CW,IA 
4871,MT,IA 
4872,CC,CC 
4873,CE,CE 
4875,EO,ED 
4878,CE,CE 
4879,EO,CC 
4880,CC,CC 
4882,MC,IA 
4883,CC,ED 
4884,EO,CC 
4885,ED,ED 
4886,CW,IA 
4887,CW,PP 
4888,CW,IA 
4889,IA,IA 
4890,CE,CE 
4892,MC,CC 
4893,ED,ED 
4894,ED,IA 
4895,CW,IA 
4897,EO,CC 
4899,EO,CC 
4900,CC,CC 
4901,CW,PP 
4903,ED,ED 
4904,PP,IA 
4905,MC,CC 
4907,IA,CC 
4908,ED,ED 
4909,MT,IA 
4910,CW,CC 
4911,MT,MT 
4912,CE,IA 
4913,MT,PP 
4914,MC,CC 
4915,ED,CC 
4916,EO,ED 
4917,MC,IA 
4919,ED,CC 
4920,ED,CC 
4921,CC,ED 
4922,CC,CC 
4923,CW,PP 
4924,EO,CC 
4926,ED,PP 
4927,MT,IA 
4928,CC,CC 
4929,IA,IA 
4930,CW,IA 
4931,CW,IA 
4932,PP,IA 
4933,ED,ED 
4934,CW,CC 
4935,ED,ED 
4937,MC,CC 
4938,CC,CC 
4939,MT,CC 
4940,ED,ED 
4941,CC,PP 
4942,MC,IA 
4943,MT,CC 
4944,CE,IA 
4945,MC,CC 
4946,CC,ED 
4948,ED,CC 
4949,MT,CC 
4950,CE,CC 
4951,MT,ED 
4952,PP,CC 
4953,CW,ED 
4955,CW,CC 
4957,CC,IA 
4958,CC,CC 
4961,CW,IA 
4962,CW,CC 
4963,MC,CC 
4964,ED,CC 
4965,MT,MT 
4966,CW,IA 
4969,MC,CC 
4970,CC,CC 
4971,CW,IA 
4972,PP,IA 
4973,CW,IA 
4974,CE,CC 
4976,MC,IA 
4977,EO,CC 
4978,CE,IA 
4979,EO,IA 
4980,CE,CC 
4981,MC,CC 
4983,MT,IA 
4984,MC,CC 
4985,PP,IA 
4986,IA,CC 
4987,MT,MT 
4988,MC,IA 
4989,MT,IA 
4990,CC,CC 
4991,ED,CC 
4993,CW,PP 
4994,EO,CC 
4995,EO,CC 
4996,CC,ED 
4997,CC,CC 
4999,ED,CC 
5000,EO,CC 
5001,PP,CC 
5002,ED,CC 
5003,MC,CC 
5004,IA,IA 
5005,ED,ED 
5006,ED,ED 
5007,ED,CC 
5008,PP,IA 
5009,PP,IA 
5014,CE,PP 
5015,IA,CC 
5016,CW,PP 
5019,CE,CE 
5020,MT,IA 
5021,MT,IA 
5023,CW,CC 
5024,EO,PP 
5025,MT,IA 
5026,EO,ED 
5027,ED,IA 
5028,CW,PP 
5029,MT,CC 
5031,CE,CE 
5032,CW,PP 
5033,CE,CE 
5034,CE,CE 
5035,EO,CC 
5036,ED,ED 
5037,ED,ED 
5038,CW,PP 
5039,IA,IA 
5040,MC,PP 
5041,PP,CE 
5042,CE,CE 
5043,MT,EO 
5044,CC,EO 
5045,ED,CC 
5047,PP,IA 
5048,PP,CC 
5049,ED,ED 
5050,MT,CC 
5053,MC,IA 
5054,MT,CC 
5055,PP,CC 
5056,ED,ED 
5057,ED,ED 
5059,EO,CC 
5060,MC,CC 
5061,MC,CC 
5062,CW,PP 
5063,EO,CC 
5065,CC,ED 
5068,MC,CC 
5069,EO,ED 
5070,ED,CC 
5071,CE,CE 
5072,IA,IA 
5074,MC,IA 
5075,EO,CC 
5076,MC,IA 
5078,ED,ED 
5079,CW,IA 
5080,CE,CC 
5081,MC,IA 
5082,MT,CC 
5084,CW,CC 
5085,IA,CC 
5086,CE,CE 
5088,MT,CC 
5089,ED,CC 
5090,MT,CC 
5091,PP,ED 
5092,PP,CC 
5093,CW,MT 
5095,EO,PP 
5096,MT,CC 
5097,MT,CC 
5098,CW,CC 
5099,EO,CC 
5100,IA,IA 
5101,CE,IA 
5103,ED,CC 
5104,ED,CC 
5106,MC,CC 
5107,PP,IA 
5109,PP,CC 
5110,CW,IA 
5112,MT,CC 
5113,CE,CC 
5114,MC,IA 
5115,CE,CE 
5116,CW,PP 
5118,EO,CC 
5119,ED,ED 
5120,MC,CC 
5121,CC,ED 
5122,CE,CE 
5123,CW,CC 
5124,CE,CE 
5125,CW,CC 
5127,MC,CC 
5128,ED,ED 
5129,ED,ED 
5130,MC,CC 
5131,IA,IA 
5132,CE,CC 
5133,CE,CC 
5135,IA,IA 
5136,CC,ED 
5137,PP,CC 
5138,PP,CC 
5139,PP,IA 
5140,CW,CC 
5141,ED,CC 
5142,MT,CC 
5143,MT,IA 
5144,MC,CC 
5145,PP,IA 
5146,CE,CE 
5147,ED,CC 
5148,PP,CC 
5149,EO,CC 
5150,MC,IA 
5151,CC,CC 
5152,MT,CC 
5153,IA,IA 
5154,EO,ED 
5155,EO,CC 
5156,CE,CC 
5158,MC,IA 
5159,MC,CC 
5160,CC,CC 
5161,CW,IA 
5162,MT,IA 
5163,MC,IA 
5164,MT,PP 
5165,CW,PP 
5166,MC,PP 
5167,CW,PP 
5168,ED,ED 
5169,MC,CC 
5170,CW,IA 
5171,MT,PP 
5172,MT,CC 
5173,MT,CC 
5174,CC,ED 
5175,CW,IA 
5176,CE,CE 
5177,MT,CE 
5179,CC,CC 
5180,MC,IA 
5181,EO,PP 
5183,MC,CC 
5185,CE,CE 
5186,MT,CC 
5187,CW,CC 
5189,IA,IA 
5190,PP,CC 
5191,EO,ED 
5192,EO,CC 
5193,MT,CC 
5194,CW,CC 
5195,PP,ED 
5196,ED,ED 
5198,IA,IA 
5199,ED,CE 
5200,CC,CC 
5202,CW,IA 
5203,MT,CC 
5204,ED,IA 
5205,EO,CC 
5206,MC,IA 
5207,IA,CC 
5209,CE,CE 
5210,MT,CC 
5211,ED,ED 
5213,EO,PP 
5214,PP,CC 
5216,CC,CC 
5217,CW,CC 
5219,ED,CC 
5220,CW,IA 
5221,ED,CC 
5222,CW,PP 
5223,PP,CC 
5224,ED,CC 
5225,CW,IA 
5226,IA,CC 
5227,CW,CC 
5229,ED,IA 
5230,CE,CE 
5231,MT,IA 
5232,CE,CE 
5234,MC,IA 
5235,PP,ED 
5236,IA,IA 
5237,MT,CC 
5238,MT,CC 
5239,ED,CC 
5240,MC,IA 
5241,EO,CC 
5243,PP,IA 
5247,CW,PP 
5248,CW,CC 
5249,MT,IA 
5250,IA,CC 
5251,EO,IA 
5252,IA,IA 
5253,MT,PP 
5254,EO,CC 
5257,MT,CC 
5258,MT,IA 
5259,CW,IA 
5260,ED,ED 
5262,EO,CC 
5263,MC,CC 
5264,EO,ED 
5265,ED,ED 
5266,CE,IA 
5268,CE,CC 
5269,MT,IA 
5271,CE,CE 
5273,CW,CC 
5274,CC,ED 
5275,MT,IA 
5276,CW,PP 
5277,EO,CC 
5278,MT,CC 
5279,CW,CC 
5281,PP,CC 
5282,EO,CC 
5283,ED,CC 
5284,MC,PP 
5285,CW,IA 
5286,MT,PP 
5287,PP,CC 
5288,CW,PP 
5289,ED,CC 
5290,CW,CC 
5291,ED,ED 
5292,CE,PP 
5293,CE,IA 
5296,ED,ED 
5298,IA,IA 
5299,CE,PP 
5300,CE,CE 
5301,CE,CE 
5302,MT,CC 
5303,CE,CE 
5305,PP,IA 
5306,ED,CC 
5307,CC,CC 
5310,CC,CC 
5312,IA,CC 
5313,MT,CC 
5314,MT,CC 
5315,CC,ED 
5317,CW,CC 
5318,MT,PP 
5319,CW,PP 
5320,IA,IA 
5321,EO,CC 
5322,CE,CE 
5323,PP,CC 
5324,CW,CC 
5326,PP,CC 
5328,CW,PP 
5329,CW,IA 
5332,CE,CE 
5333,CC,CC 
5334,CW,IA 
5335,ED,ED 
5337,MT,CC 
5338,MT,CC 
5339,PP,CC 
5340,EO,CC 
5341,EO,CC 
5342,CW,PP 
5343,IA,CC 
5344,CC,CC 
5345,PP,CC 
5347,MT,IA 
5348,PP,CC 
5349,MC,IA 
5350,CE,IA 
5351,MT,PP 
5354,EO,PP 
5355,CW,IA 
5356,MT,CC 
5357,CE,CC 
5359,MC,CC 
5360,CE,CE 
5364,ED,ED 
5365,MT,IA 
5367,EO,ED 
5369,CE,CE 
5370,MT,IA 
5371,PP,CC 
5372,MC,IA 
5373,ED,ED 
5374,MC,IA 
5376,CW,CC 
5377,MT,CC 
5379,EO,PP 
5381,CC,CC 
5382,CW,IA 
5383,MC,IA 
5384,MT,CC 
5385,CW,CC 
5386,EO,IA 
5387,MC,IA 
5388,ED,CC 
5389,CW,CC 
5391,EO,CC 
5392,IA,IA 
5393,CE,CC 
5394,CE,PP 
5395,IA,IA 
5396,PP,CC 
5397,CE,CE 
5398,EO,CC 
5399,MC,CC 
5400,ED,CC 
5402,EO,PP 
5404,ED,CC 
5405,ED,CC 
5406,MC,CC 
5407,CW,IA 
5408,CE,CC 
5409,PP,CC 
5410,CC,ED 
5411,CE,CC 
5412,CW,CC 
5413,PP,IA 
5414,PP,CC 
5415,CW,CC 
5416,PP,IA 
5418,IA,CC 
5419,PP,IA 
5421,CW,IA 
5422,PP,CC 
5423,CE,CC 
5424,EO,CC 
5425,PP,CC 
5427,IA,IA 
5428,CC,ED 
5431,CW,CC 
5435,MC,CC 
5436,CC,CC 
5437,MC,IA 
5438,CW,ED 
5440,CE,CE 
5442,CE,CE 
5443,MT,CC 
5445,IA,IA 
5446,MC,CC 
5447,CW,PP 
5448,MC,CC 
5449,CC,CC 
5450,MT,IA 
5451,CW,CC 
5452,CE,CC 
5454,MC,CC 
5455,MC,CC 
5456,CE,CE 
5457,ED,CC 
5458,MC,IA 
5459,PP,ED 
5461,EO,CC 
5464,ED,IA 
5465,ED,ED 
5466,CE,IA 
5467,CW,CC 
5469,CW,IA 
5470,ED,ED 
5471,ED,ED 
5472,IA,IA 
5473,EO,CC 
5474,EO,ED 
5476,EO,PP 
5477,EO,CC 
5478,EO,ED 
5481,CC,CC 
5482,MC,CC 
5483,PP,CC 
5484,CW,CC 
5485,IA,CC 
5486,CW,IA 
5487,MT,MT 
5488,PP,CE 
5490,CE,CE 
5491,MC,IA 
5492,MC,PP 
5493,CW,IA 
5494,EO,CC 
5495,PP,IA 
5496,CE,CC 
5497,CC,CC 
5498,CE,CE 
5499,IA,IA 
5500,CC,CC 
5501,PP,IA 
5502,MT,IA 
5503,CC,ED 
5504,CC,PP 
5507,MT,CC 
5508,MT,IA 
5509,MC,PP 
5510,ED,PP 
5511,MT,CC 
5512,ED,CC 
5513,EO,CC 
5514,CE,CE 
5516,MC,CC 
5518,CC,CC 
5519,IA,ED 
5520,MC,PP 
5521,ED,IA 
5522,MC,CC 
5523,PP,IA 
5525,MC,CC 
5528,PP,CC 
5529,PP,CC 
5530,CE,CE 
5531,ED,CC 
5532,ED,ED 
5534,PP,CC 
5536,CW,CC 
5537,PP,ED 
5538,IA,IA 
5539,ED,CC 
5541,EO,PP 
5542,EO,CC 
5543,EO,ED 
5545,ED,ED 
5546,MT,MT 
5549,PP,IA 
5550,CE,CE 
5551,PP,IA 
5552,CW,CC 
5553,EO,CC 
5554,CW,CC 
5555,CW,CC 
5557,ED,CC 
5559,ED,ED 
5560,PP,CC 
5561,CC,ED 
5562,CC,CC 
5563,CW,CC 
5564,PP,IA 
5565,EO,PP 
5566,CE,IA 
5567,EO,CC 
5568,CW,IA 
5569,ED,IA 
5570,CE,IA 
5571,CE,CE 
5572,CC,ED 
5574,PP,IA 
5575,PP,CC 
5578,MT,PP 
5579,IA,CC 
5582,PP,IA 
5583,ED,PP 
5584,CW,CC 
5585,MT,CC 
5586,PP,IA 
5587,CE,CE 
5588,ED,CC 
5589,ED,CC 
5592,EO,CC 
5594,PP,IA 
5595,CC,CC 
5597,ED,ED 
5598,PP,CC 
5599,IA,IA 
5600,IA,CC 
5601,CW,CC 
5603,IA,IA 
5604,CW,IA 
5605,ED,ED 
5606,MC,CC 
5607,MC,IA 
5609,CW,CC 
5612,CE,CE 
5614,IA,IA 
5616,CW,CC 
5617,CE,IA 
5618,IA,CC 
5620,CC,CC 
5621,MC,IA 
5622,ED,ED 
5623,ED,ED 
5624,MT,CC 
5625,CE,CE 
5627,MT,PP 
5628,EO,IA 
5632,CE,CE 
5633,EO,CC 
5634,CC,IA 
5635,CW,PP 
5636,MC,CC 
5637,IA,IA 
5639,CE,IA 
5640,CE,PP 
5642,EO,CC 
5643,PP,IA 
5644,CW,CC 
5645,ED,ED 
5646,CW,IA 
5647,PP,CC 
5648,EO,CC 
5649,CC,CC 
5650,CC,CC 
5651,MC,IA 
5652,ED,ED 
5653,ED,ED 
5654,CW,CC 
5655,ED,CC 
5656,MT,CC 
5658,CE,CE 
5659,EO,PP 
5660,EO,PP 
5662,CW,CC 
5663,ED,ED 
5664,CW,CC 
5665,ED,CC 
5666,EO,PP 
5667,CE,MT 
5668,MC,CC 
5669,EO,PP 
5670,MT,PP 
5672,CE,CE 
5674,MC,CC 
5675,MT,CC 
5676,CE,CE 
5677,CW,CC 
5678,EO,IA 
5679,CE,IA 
5680,PP,IA 
5681,MC,PP 
5682,MT,IA 
5683,CE,CE 
5684,EO,CC 
5685,CC,ED 
5686,PP,CC 
5687,CW,IA 
5688,ED,ED 
5689,MT,IA 
5690,CE,CE 
5691,EO,CC 
5693,MT,IA 
5696,CE,IA 
5698,PP,CC 
5699,MT,CC 
5700,MT,PP 
5702,PP,CC 
5703,CW,IA 
5704,CW,IA 
5705,CE,CC 
5706,CC,CC 
5708,ED,CC 
5709,ED,CC 
5710,ED,ED 
5712,CW,PP 
5713,CW,CC 
5714,CW,PP 
5716,PP,CC 
5718,CW,CC 
5719,CW,PP 
5720,EO,CC 
5721,CE,CC 
5722,MT,ED 
5723,CE,IA 
5724,MC,CC 
5728,CE,CE 
5729,ED,CC 
5730,ED,CC 
5731,CW,IA 
5732,EO,CC 
5733,PP,CC 
5734,ED,CC 
5735,ED,CC 
5736,ED,ED 
5738,PP,CC 
5740,CC,CC 
5742,CW,CC 
5744,MT,PP 
5746,ED,ED 
5748,MC,CC 
5749,IA,IA 
5750,IA,IA 
5751,MC,CC 
5752,PP,CC 
5753,CC,CC 
5754,ED,ED 
5755,CW,CC 
5756,CW,CC 
5757,CW,CC 
5758,EO,IA 
5759,IA,IA 
5760,CC,IA 
5761,CC,CC 
5762,ED,CC 
5763,PP,CC 
5764,EO,CC 
5765,ED,CC 
5766,CE,CC 
5767,EO,CC 
5768,MT,MT 
5769,ED,ED 
5770,MC,IA 
5771,EO,CC 
5772,MT,CC 
5774,CE,CE 
5775,PP,IA 
5776,ED,CC 
5777,ED,ED 
5778,MT,IA 
5779,MT,CC 
5780,CW,CC 
5782,PP,CC 
5783,MC,CC 
5784,EO,CC 
5785,CW,IA 
5786,CC,CC 
5788,CW,CC 
5790,CW,CC 
5792,CE,CE 
5793,ED,CC 
5794,CW,IA 
5795,EO,CC 
5796,EO,CC 
5797,EO,IA 
5798,EO,CC 
5799,PP,CC 
5800,MC,CC 
5801,PP,CE 
5802,PP,CC 
5804,PP,CC 
5805,MC,PP 
5806,IA,CC 
5807,ED,CC 
5808,ED,CC 
5809,CW,CC 
5810,IA,IA 
5811,PP,CC 
5812,CC,CC 
5813,CC,ED 
5814,PP,CC 
5815,CW,IA 
5817,CW,CC 
5818,MT,IA 
5819,PP,CE 
5820,MC,CC 
5821,CE,PP 
5822,MC,IA 
5823,CE,IA 
5824,ED,ED 
5825,CE,CE 
5826,MC,CC 
5827,CW,CC 
5829,MT,MT 
5830,CW,IA 
5831,CC,ED 
5832,CW,CC 
5834,CW,CC 
5835,PP,IA 
5836,CC,CC 
5837,EO,IA 
5838,PP,ED 
5839,IA,IA 
5840,CW,IA 
5844,CE,CE 
5845,CE,CE 
5846,EO,CC 
5847,MC,CC 
5848,MT,CC 
5849,CC,ED 
5850,MC,CC 
5851,ED,ED 
5853,CE,IA 
5854,CW,CC 
5855,PP,CC 
5856,PP,IA 
5857,EO,CC 
5859,ED,CC 
5861,CE,IA 
5863,MT,CC 
5865,PP,CC 
5866,PP,CC 
5867,CE,CE 
5868,ED,CC 
5869,MC,CC 
5870,CE,CC 
5872,EO,CC 
5873,EO,IA 
5874,CC,CC 
5875,EO,CC 
5876,IA,IA 
5877,CW,IA 
5878,CW,IA 
5879,MT,MT 
5880,MT,CC 
5881,CE,CE 
5882,CE,CE 
5883,CW,IA 
5884,EO,CC 
5885,CC,CC 
5886,PP,CC 
5887,MC,IA 
5889,CE,IA 
5890,CC,CC 
5892,EO,CC 
5893,PP,IA 
5894,EO,CC 
5896,EO,PP 
5897,MT,CC 
5899,MC,CC 
5900,MC,IA 
5901,PP,ED 
5902,CE,CC 
5903,MT,CC 
5904,CC,ED 
5905,CW,CC 
5906,MT,CC 
5907,CC,ED 
5908,MC,IA 
5909,MT,PP 
5910,IA,IA 
5911,IA,CC 
5912,MT,IA 
5913,MC,IA 
5914,EO,IA 
5915,ED,CC 
5916,CE,CE 
5917,MC,IA 
5918,CW,IA 
5919,IA,CC 
5920,ED,CC 
5921,ED,CC 
5922,MC,IA 
5924,ED,ED 
5925,EO,CC 
5926,PP,IA 
5927,CE,CE 
5928,ED,ED 
5929,ED,ED 
5930,CW,PP 
5931,CW,CC 
5932,PP,IA 
5933,MC,IA 
5934,PP,CC 
5935,EO,CC 
5936,ED,ED 
5937,PP,CC 
5938,CW,IA 
5939,CE,CE 
5940,ED,CC 
5942,CC,CC 
5943,CE,CC 
5944,CW,PP 
5945,CE,CE 
5946,EO,CC 
5947,PP,IA 
5948,ED,CC 
5949,CC,ED 
5950,CW,IA 
5951,CW,CC 
5952,CE,CC 
5954,CE,CE 
5955,MT,CC 
5956,CE,CC 
5957,MC,IA 
5958,CC,CC 
5959,IA,IA 
5960,EO,CC 
5962,PP,CC 
5963,PP,IA 
5964,ED,CC 
5965,CW,IA 
5966,CW,CC 
5967,CW,CC 
5968,MT,IA 
5969,CE,CE 
5970,EO,IA 
5971,EO,CC 
5972,CW,PP 
5973,MT,IA 
5974,MT,CC 
5975,ED,CC 
5976,CC,ED 
5977,IA,IA 
5978,PP,CC 
5980,EO,CC 
5981,CC,PP 
5982,CE,IA 
5983,PP,IA 
5984,PP,CC 
5986,MT,IA 
5987,ED,ED 
5988,CE,CE 
5989,ED,ED 
5990,ED,ED 
5991,MT,CC 
5992,CW,CC 
5993,CE,IA 
5994,EO,PP 
5995,CC,CC 
5997,CE,IA 
5998,ED,CC 
5999,CE,PP 
6002,MC,CC 
6003,PP,ED 
6004,CW,IA 
6005,EO,ED 
6006,ED,CC 
6007,ED,ED 
6008,ED,ED 
6009,CE,IA 
6010,CW,CC 
6011,CW,IA 
6014,MT,IA 
6015,ED,ED 
6016,PP,ED 
6018,CE,IA 
6019,CW,CC 
6020,ED,ED 
6021,ED,ED 
6022,MC,IA 
6023,PP,CC 
6024,ED,ED 
6026,EO,PP 
6027,ED,CC 
6029,PP,PP 
6030,CE,IA 
6031,MT,IA 
6032,CE,PP 
6033,CE,IA 
6034,CW,IA 
6035,MT,PP 
6037,EO,ED 
6038,CE,CE 
6042,EO,PP 
6043,MC,CC 
6044,PP,CC 
6045,EO,CC 
6047,ED,IA 
6048,MT,PP 
6049,CE,CC 
6050,EO,PP 
6051,PP,IA 
6052,MT,IA 
6053,CE,CE 
6054,EO,PP 
6055,PP,CC 
6056,CW,CC 
6057,PP,IA 
6059,PP,CC 
6060,CW,IA 
6061,MT,CC 
6062,ED,IA 
6063,MT,CC 
6064,ED,IA 
6065,ED,PP 
6067,ED,ED 
6068,EO,ED 
6069,ED,ED 
6071,CC,CC 
6072,IA,PP 
6073,CW,CC 
6074,CW,CC 
6075,IA,IA 
6076,CC,ED 
6077,CE,IA 
6078,ED,CC 
6079,IA,CC 
6080,MC,IA 
6081,MT,CC 
6082,CE,CE 
6083,CW,CC 
6084,CC,CC 
6085,CE,CE 
6086,PP,CC 
6087,ED,ED 
6088,MC,IA 
6089,PP,IA 
6090,MC,PP 
6091,CC,CC 
6092,EO,CC 
6097,CC,CC 
6098,CW,PP 
6099,PP,CC 
6100,EO,IA 
6101,EO,CC 
6102,ED,CC 
6107,CW,PP 
6108,CE,CE 
6109,CE,PP 
6110,CE,CC 
6111,ED,ED 
6112,MC,CC 
6113,CC,PP 
6114,ED,ED 
6115,IA,CC 
6116,MT,CC 
6117,ED,ED 
6118,CC,PP 
6119,EO,CC 
6120,MC,CC 
6121,CW,IA 
6124,MT,PP 
6125,PP,PP 
6126,CE,CC 
6127,EO,CC 
6128,ED,ED 
6129,IA,CC 
6130,CE,IA 
6131,MC,CC 
6132,CE,CE 
6134,PP,IA 
6135,IA,IA 
6136,CW,CC 
6137,ED,ED 
6138,CW,IA 
6139,MC,IA 
6140,EO,CC 
6141,CC,ED 
6142,CW,CC 
6145,MC,CC 
6146,EO,CC 
6147,MC,CC 
6148,CC,CC 
6149,CE,PP 
6150,MC,IA 
6151,EO,CC 
6153,CE,CC 
6154,CE,PP 
6155,CW,IA 
6157,EO,CC 
6158,EO,IA 
6160,CW,CC 
6161,CC,CC 
6162,IA,CC 
6163,ED,ED 
6164,ED,CC 
6165,CE,CC 
6166,MC,CC 
6167,IA,CC 
6168,CC,CC 
6169,CW,CC 
6171,PP,IA 
6172,PP,IA 
6174,EO,CC 
6175,CC,ED 
6176,MC,CC 
6177,CW,CC 
6178,EO,CC 
6179,CC,CC 
6180,ED,ED 
6181,MT,EO 
6182,ED,ED 
6183,CW,CC 
6184,CE,PP 
6185,CW,CC 
6186,ED,ED 
6187,CC,IA 
6188,ED,CC 
6189,PP,CC 
6190,PP,IA 
6191,ED,CC 
6192,ED,CC 
6193,EO,ED 
6194,MT,IA 
6195,PP,CC 
6196,MC,IA 
6197,CE,CE 
6199,IA,CC 
6200,MC,IA 
6201,EO,CC 
6202,CC,CC 
6203,ED,PP 
6204,ED,ED 
6206,CW,CC 
6207,PP,CC 
6208,MC,IA 
6209,PP,PP 
6210,CE,CE 
6211,ED,ED 
6213,ED,ED 
6215,CE,CC 
6217,CW,CE 
6218,PP,CC 
6219,ED,ED 
6220,ED,ED 
6221,ED,ED 
6222,EO,PP 
6223,ED,IA 
6224,MT,CC 
6225,ED,ED 
6226,CE,CC 
6227,EO,CC 
6228,PP,IA 
6229,CW,CC 
6230,CC,CC 
6232,IA,CC 
6233,ED,ED 
6234,ED,CC 
6235,CW,ED 
6238,ED,ED 
6239,MT,PP 
6241,MC,CC 
6242,MT,IA 
6245,CW,CC 
6246,IA,IA 
6247,CE,CC 
6248,ED,ED 
6249,CC,IA 
6250,PP,CC 
6251,IA,CC 
6252,EO,IA 
6253,CE,CC 
6254,PP,CC 
6255,MT,CC 
6256,CW,IA 
6257,PP,IA 
6258,MT,CC 
6259,CE,IA 
6260,CW,IA 
6261,MC,ED 
6262,PP,IA 
6263,CE,CE 
6264,CE,CE 
6266,ED,ED 
6267,CC,CC 
6268,CC,CC 
6269,EO,IA 
6270,ED,CC 
6271,MT,CC 
6272,CE,CE 
6274,ED,ED 
6275,CW,ED 
6278,EO,PP 
6279,MT,EO 
6281,MC,CC 
6282,MT,CC 
6284,ED,IA 
6285,CW,CC 
6286,MT,PP 
6287,CC,ED 
6288,MC,EO 
6289,MC,CC 
6290,ED,ED 
6291,MT,ED 
6292,CC,ED 
6293,MT,CC 
6294,EO,CC 
6295,CW,EO 
6296,MT,IA 
6297,MT,CC 
6298,ED,CC 
6299,MT,CC 
6300,MC,PP 
6301,CE,CE 
6302,CW,PP 
6304,ED,PP 
6305,ED,ED 
6306,EO,PP 
6307,ED,CC 
6308,MC,CC 
6310,CE,IA 
6312,PP,IA 
6313,CC,CC 
6315,CW,IA 
6316,PP,IA 
6317,CW,PP 
6318,ED,ED 
6319,CE,IA 
6320,CW,IA 
6321,CE,CE 
6322,ED,CC 
6323,MT,MT 
6324,IA,CC 
6325,CW,PP 
6326,EO,CC 
6329,CW,CC 
6330,CW,EO 
6331,CE,CE 
6332,PP,CC 
6333,MC,IA 
6335,EO,CC 
6336,IA,CC 
6337,CW,CC 
6338,MC,IA 
6339,CW,CC 
6340,CE,CE 
6341,EO,IA 
6342,ED,IA 
6343,MT,PP 
6344,IA,IA 
6345,PP,CC 
6346,ED,CC 
6347,EO,CC 
6349,PP,IA 
6350,ED,CC 
6351,CW,IA 
6352,ED,ED 
6354,CW,PP 
6356,EO,CC 
6357,CE,CE 
6358,CE,PP 
6359,ED,ED 
6360,ED,CC 
6361,PP,ED 
6362,MC,IA 
6366,CE,IA 
6367,CE,IA 
6368,IA,CC 
6369,CC,IA 
6371,IA,CC 
6372,CW,IA 
6373,CW,PP 
6376,PP,CC 
6377,EO,PP 
6379,PP,CC 
6380,MT,PP 
6381,CW,ED 
6382,ED,ED 
6383,EO,CC 
6384,EO,CC 
6385,CE,IA 
6386,MT,IA 
6387,IA,CC 
6388,PP,CC 
6390,CE,CE 
6391,CE,CE 
6392,PP,IA 
6393,ED,ED 
6394,MC,CC 
6395,MT,CC 
6396,CE,IA 
6398,MT,IA 
6399,CW,CC 
6401,CC,PP 
6402,EO,CC 
6403,IA,CC 
6404,MC,CC 
6405,IA,IA 
6407,CE,IA 
6409,EO,CC 
6410,EO,CC 
6411,CE,IA 
6412,MC,PP 
6414,MC,IA 
6415,MC,ED 
6417,IA,CC 
6418,PP,IA 
6419,CW,CC 
6420,MC,IA 
6421,MT,CC 
6422,MT,PP 
6423,CE,IA 
6424,CW,IA 
6425,CC,PP 
6427,MC,CC 
6428,MC,CC 
6429,MC,CC 
6430,MT,PP 
6433,CE,CC 
6434,CE,CE 
6435,PP,CC 
6436,CE,PP 
6437,PP,ED 
6438,PP,CC 
6439,ED,CC 
6440,IA,IA 
6443,MT,CC 
6444,MC,IA 
6445,CC,ED 
6446,IA,CC 
6447,MC,CC 
6448,MT,CC 
6449,CC,CC 
6450,EO,CC 
6451,CW,IA 
6452,CW,IA 
6453,MT,MT 
6454,CE,IA 
6455,ED,ED 
6456,CC,PP 
6457,CE,CC 
6461,ED,ED 
6463,CE,CE 
6464,ED,ED 
6465,CE,PP 
6466,MC,IA 
6468,ED,CC 
6469,CE,CE 
6470,MC,CC 
6471,CC,CC 
6472,CW,CC 
6473,CE,CE 
6474,CC,PP 
6475,PP,CC 
6479,CW,CC 
6480,CW,CC 
6481,CW,PP 
6482,ED,ED 
6483,MT,PP 
6484,PP,IA 
6485,PP,CC 
6486,CE,CC 
6487,PP,CC 
6488,MC,PP 
6489,ED,CC 
6490,ED,CC 
6491,MT,IA 
6492,PP,IA 
6493,PP,CC 
6494,IA,IA 
6495,MT,IA 
6496,CE,CE 
6497,ED,CC 
6498,IA,IA 
6499,MT,IA 
6500,CE,CC 
6501,MC,CC 
6502,CE,CC 
6503,CW,CC 
6504,MC,CC 
6506,MC,IA 
6507,IA,PP 
6508,CW,ED 
6509,MT,CC 
6510,ED,IA 
6511,CW,IA 
6512,MT,IA 
6513,PP,IA 
6514,ED,CC 
6516,MT,CC 
6517,MC,CC 
6518,PP,CC 
6519,PP,CC 
6521,EO,CC 
6522,CE,PP 
6523,CW,IA 
6525,CW,CC 
6526,ED,ED 
6527,ED,CC 
6528,PP,CC 
6529,CE,CE 
6530,CE,CC 
6532,CC,CC 
6533,CE,IA 
6534,CC,CC 
6535,CE,CE 
6536,MC,PP 
6537,EO,CC 
6538,PP,PP 
6539,MC,IA 
6540,ED,ED 
6541,MC,PP 
6542,ED,PP 
6543,ED,CC 
6544,MT,CC 
6545,MC,IA 
6546,CE,CC 
6548,MC,IA 
6549,ED,IA 
6550,MT,PP 
6551,CW,PP 
6553,CC,ED 
6554,CE,CE 
6555,PP,CC 
6556,ED,CC 
6557,CC,CC 
6558,MT,PP 
6560,EO,IA 
6561,CE,CC 
6562,MT,CC 
6563,PP,CC 
6564,CC,CC 
6565,MC,CC 
6567,PP,CC 
6568,PP,IA 
6570,MT,CC 
6571,PP,CC 
6572,CE,IA 
6573,CE,CC 
6574,CW,CC 
6575,PP,IA 
6576,IA,PP 
6579,MT,IA 
6580,CE,IA 
6582,CE,CC 
6583,PP,CC 
6584,EO,CC 
6586,PP,IA 
6587,EO,CC 
6588,IA,ED 
6589,EO,IA 
6592,CC,CC 
6594,MT,IA 
6595,PP,PP 
6596,CW,IA 
6597,MT,CC 
6598,PP,IA 
6599,MT,CC 
6600,PP,IA 
6601,CE,CC 
6603,PP,CC 
6604,PP,CC 
6605,CW,IA 
6606,IA,IA 
6607,IA,PP 
6608,CE,CC 
6610,CW,CC 
6611,EO,CC 
6612,MC,IA 
6613,CW,CC 
6614,EO,CC 
6615,EO,CC 
6616,PP,CC 
6617,EO,CC 
6618,MT,PP 
6619,MT,PP 
6620,MT,IA 
6621,ED,CC 
6622,PP,CC 
6623,ED,CC 
6624,MC,CC 
6625,PP,PP 
6627,ED,IA 
6628,CC,CC 
6629,PP,CC 
6630,ED,CC 
6631,PP,PP 
6632,MC,IA 
6633,EO,CC 
6634,CW,CC 
6635,PP,PP 
6637,ED,ED 
6638,MC,CC 
6639,ED,CC 
6640,MC,IA 
6641,PP,CC 
6642,MC,CC 
6643,MT,IA 
6644,CE,CE 
6645,CE,PP 
6646,PP,IA 
6647,MT,PP 
6648,CW,PP 
6649,CE,CC 
6652,CE,IA 
6653,EO,IA 
6655,PP,IA 
6656,CC,PP 
6657,MC,IA 
6659,PP,IA 
6660,ED,CC 
6661,CW,CC 
6662,PP,CE 
6663,MC,IA 
6664,ED,CC 
6665,IA,CC 
6666,MT,PP 
6667,CE,CC 
6668,ED,ED 
6669,IA,IA 
6670,MC,CC 
6671,CC,PP 
6672,CW,IA 
6673,CW,CC 
6674,EO,IA 
6675,PP,IA 
6676,CW,CC 
6677,MC,CC 
6678,PP,IA 
6679,MT,CC 
6680,PP,ED 
6681,IA,CC 
6682,PP,IA 
6683,CW,CC 
6684,CC,CC 
6685,MC,PP 
6686,ED,ED 
6687,CE,IA 
6690,MT,CC 
6691,CC,ED 
6693,ED,IA 
6694,MC,CC 
6695,EO,IA 
6696,MC,CC 
6697,EO,PP 
6698,PP,CC 
6699,CW,ED 
6700,MT,CC 
6701,CE,CE 
6702,CE,CE 
6703,MC,PP 
6704,MT,MT 
6706,CC,CC 
6707,CE,CE 
6708,CW,IA 
6709,CC,ED 
6710,CE,CC 
6711,CW,CC 
6712,MC,IA 
6713,PP,IA 
6714,MC,IA 
6715,CC,PP 
6716,CC,PP 
6717,MT,CC 
6718,EO,CC 
6719,ED,IA 
6721,PP,PP 
6722,MC,IA 
6723,MT,CC 
6724,PP,CC 
6725,ED,CC 
6726,CE,CE 
6728,MC,CC 
6730,ED,ED 
6732,CW,IA 
6733,MC,CC 
6735,PP,IA 
6736,PP,IA 
6737,ED,ED 
6738,PP,ED 
6739,MT,CC 
6740,CC,CC 
6741,CW,CC 
6743,CW,EO 
6744,CE,CE 
6745,ED,CC 
6746,CW,CC 
6749,CW,IA 
6750,MC,CC 
6751,CE,CE 
6752,CW,IA 
6754,IA,IA 
6755,MC,CC 
6756,ED,ED 
6757,MC,IA 
6758,ED,CC 
6759,CC,PP 
6760,EO,CC 
6761,EO,PP 
6762,CW,CC 
6764,ED,ED 
6765,CC,CC 
6766,EO,PP 
6767,MC,CC 
6768,MC,IA 
6770,CE,IA 
6771,ED,CC 
6772,PP,IA 
6773,ED,ED 
6774,CE,IA 
6775,MT,IA 
6776,ED,IA 
6777,MT,IA 
6778,CC,PP 
6780,EO,CC 
6781,EO,CC 
6783,PP,CC 
6784,CC,CC 
6785,PP,CC 
6786,CE,CC 
6787,PP,CC 
6788,CE,IA 
6790,EO,IA 
6791,PP,PP 
6792,PP,IA 
6793,ED,CC 
6794,PP,IA 
6795,MT,CC 
6796,MC,PP 
6797,IA,IA 
6799,EO,ED 
6800,CE,CE 
6801,PP,IA 
6802,CC,CC 
6803,MT,PP 
6804,CE,CE 
6805,EO,CC 
6806,MC,PP 
6807,PP,CC 
6808,ED,CC 
6809,MT,CC 
6810,ED,ED 
6811,MT,PP 
6815,CW,CE 
6816,EO,IA 
6817,CC,PP 
6818,EO,CC 
6819,CC,EO 
6820,ED,CC 
6821,ED,CC 
6823,CW,CC 
6824,PP,CC 
6825,CW,CC 
6826,CC,IA 
6827,ED,CC 
6828,MC,CC 
6829,PP,CC 
6830,CE,CE 
6831,PP,PP 
6832,MT,EO 
6833,PP,CC 
6838,CE,PP 
6839,CW,CC 
6840,CE,CE 
6841,MC,IA 
6842,CE,PP 
6843,ED,ED 
6844,CC,CC 
6845,CW,PP 
6846,MT,IA 
6847,ED,IA 
6848,MC,PP 
6849,CW,CC 
6850,CC,CC 
6851,CW,ED 
6852,CE,CC 
6853,CE,IA 
6854,EO,IA 
6856,ED,CC 
6857,MT,IA 
6858,CW,PP 
6860,CE,CE 
6861,ED,ED 
6862,MT,MT 
6863,CE,IA 
6864,EO,PP 
6865,EO,ED 
6867,MT,IA 
6868,CE,CC 
6869,CW,PP 
6870,EO,CC 
6872,PP,CC 
6873,EO,PP 
6874,IA,IA 
6878,MT,PP 
6879,MT,PP 
6880,CW,PP 
6881,CW,PP 
6882,ED,CC 
6883,CE,CC 
6884,CE,ED 
6885,EO,IA 
6886,MC,PP 
6888,MT,CC 
6889,CC,PP 
6892,CW,PP 
6893,MT,IA 
6894,CE,CE 
6895,CW,CC 
6897,PP,CC 
6898,CE,PP 
6899,ED,ED 
6900,PP,CC 
6901,CC,ED 
6902,CW,CC 
6903,ED,CC 
6904,ED,ED 
6905,ED,IA 
6906,ED,ED 
6907,EO,CC 
6908,MC,IA 
6909,CW,IA 
6910,PP,CC 
6911,CE,IA 
6912,MC,CC 
6915,CW,CC 
6916,CW,PP 
6918,CE,CE 
6920,CE,CE 
6921,MC,IA 
6922,MC,IA 
6923,MC,CC 
6924,EO,CC 
6925,CC,CC 
6926,CE,CC 
6927,ED,CC 
6928,CE,CE 
6929,ED,ED 
6930,EO,ED 
6932,CE,CE 
6933,CE,CE 
6935,CC,CC 
6936,MC,CC 
6937,EO,CC 
6938,IA,IA 
6939,ED,CC 
6940,EO,CC 
6941,ED,IA 
6942,ED,CC 
6943,MC,IA 
6944,ED,CC 
6945,EO,IA 
6947,MC,PP 
6948,ED,CC 
6949,CW,PP 
6950,MC,PP 
6951,CC,PP 
6952,CW,IA 
6954,CW,IA 
6956,IA,IA 
6957,ED,CC 
6958,ED,ED 
6959,CE,CC 
6960,EO,IA 
6961,CE,CC 
6962,ED,CC 
6963,MC,ED 
6964,MT,MT 
6965,MC,CC 
6966,ED,ED 
6967,PP,CC 
6969,ED,CC 
6970,CE,CC 
6971,EO,PP 
6972,ED,ED 
6974,CW,CC 
6975,PP,IA 
6977,MC,PP 
6978,CE,CC 
6979,PP,PP 
6981,CW,PP 
6982,CE,CE 
6983,EO,ED 
6984,MC,IA 
6985,PP,IA 
6986,EO,CC 
6987,MT,IA 
6988,IA,CC 
6989,MT,CC 
6990,CE,CE 
6991,CC,CC 
6992,CW,CC 
6994,CE,CE 
6995,ED,CC 
6997,EO,CC 
6998,ED,ED 
6999,CW,IA 
7000,PP,PP 
7001,CE,CC 
7002,CE,CE 
7003,CE,MT 
7005,IA,PP 
7006,CW,IA 
7007,MC,PP 
7009,CC,CC 
7010,MT,IA 
7011,CW,PP 
7012,MC,CC 
7013,PP,IA 
7014,MT,IA 
7015,CE,CE 
7016,MC,PP 
7017,MT,IA 
7019,MT,IA 
7020,ED,IA 
7021,CW,CC 
7023,ED,ED 
7024,CW,IA 
7025,ED,ED 
7026,CE,CE 
7028,CE,PP 
7029,CE,CE 
7030,PP,IA 
7033,CE,CE 
7034,MT,CC 
7036,CC,ED 
7037,CE,CC 
7039,CC,CC 
7042,MT,PP 
7043,CW,PP 
7044,MC,IA 
7045,CE,IA 
7047,IA,CC 
7048,CW,CC 
7049,CE,CE 
7050,MT,CC 
7051,CW,IA 
7052,CC,PP 
7053,PP,IA 
7054,ED,ED 
7055,CE,CC 
7057,PP,PP 
7058,MC,PP 
7059,PP,IA 
7060,MC,IA 
7061,MC,PP 
7062,PP,IA 
7063,CE,CC 
7064,IA,IA 
7066,CW,CC 
7067,ED,CC 
7068,EO,CC 
7069,MC,CC 
7071,ED,CC 
7072,EO,CC 
7074,IA,CC 
7076,ED,ED 
7077,PP,CC 
7078,MC,PP 
7081,MT,IA 
7082,MC,CC 
7083,EO,PP 
7084,MT,CC 
7086,CE,CE 
7087,CC,ED 
7088,CE,CE 
7089,CW,IA 
7090,MT,CC 
7091,CE,IA 
7092,EO,ED 
7093,CW,PP 
7094,EO,CC 
7095,CE,CC 
7096,MT,IA 
7097,CE,CE 
7098,EO,IA 
7099,MT,PP 
7100,EO,CC 
7101,CW,CC 
7102,MT,PP 
7103,MC,CC 
7105,PP,CC 
7106,CC,CC 
7107,EO,ED 
7108,CE,PP 
7109,EO,CC 
7113,PP,CC 
7114,CC,IA 
7117,CE,IA 
7119,CE,CE 
7121,CE,CC 
7122,CW,PP 
7123,CW,CC 
7124,CW,IA 
7125,CE,PP 
7126,CC,CC 
7129,IA,IA 
7130,PP,CC 
7131,CE,CC 
7132,CE,CC 
7133,PP,CC 
7135,CE,IA 
7138,IA,CC 
7140,CE,PP 
7141,CC,CC 
7142,EO,CC 
7144,CW,CC 
7145,CW,CC 
7147,PP,CC 
7148,CE,PP 
7149,EO,ED 
7150,CE,CC 
7151,PP,CC 
7152,PP,ED 
7153,IA,IA 
7154,CC,CC 
7158,CE,PP 
7160,CW,CC 
7161,CE,PP 
7162,IA,ED 
7163,CE,CC 
7165,CC,ED 
7166,PP,IA 
7167,CE,PP 
7169,CE,CE 
7171,EO,PP 
7172,CE,PP 
7173,IA,CC 
7174,IA,CC 
7176,CC,PP 
7177,PP,CC 
7181,CE,IA 
7182,EO,CC 
7184,IA,CC 
7185,EO,CC 
7187,CE,CC 
7190,CW,IA 
7191,CE,CC 
7193,EO,IA 
7194,CE,CC 
7196,PP,IA 
7197,PP,PP 
7198,IA,CC 
7199,CE,PP 
7200,IA,IA 
7203,CE,CC 
7204,ED,CC 
7206,PP,CC 
7210,CW,CC 
7212,PP,IA 
7214,IA,IA 
7216,PP,IA 
7217,EO,EO 
7218,CC,EO 
7221,ED,CC 
7223,PP,IA 
7224,IA,IA 
7228,IA,IA 
7230,CE,PP 
7232,IA,IA 
7233,EO,IA 
7234,CE,PP 
7235,EO,CC 
7236,CC,PP 
7237,CC,ED 
7239,CE,CC 
7242,PP,CC 
7243,EO,PP 
7245,PP,IA 
7246,CE,CC 
7247,EO,PP 
7248,CC,CC 
7249,CC,CC 
7250,CC,PP 
7251,CW,IA 
7252,CE,PP 
7253,CE,PP 
7254,IA,IA 
7255,PP,IA 
7256,PP,CC 
7257,IA,CC 
7258,CW,IA 
7259,EO,CC 
7262,IA,PP 
7263,IA,CC 
7265,EO,PP 
7266,CE,IA 
7267,IA,CC 
7268,IA,IA 
7269,CE,CC 
7270,CE,CC 
7272,EO,CC 
7274,CE,IA 
7275,CE,CC 
7276,CE,IA 
7277,CE,IA 
7278,CE,PP 
7279,CW,PP 
7280,IA,CC 
7281,EO,IA 
7284,EO,CC 
7285,CE,IA 
7286,CE,CC 
7287,CE,CC 
7288,CW,CC 
7289,CE,CC 
7290,CC,CC 
7292,MC,CC 
7294,CW,CC 
7299,CW,IA 
7300,EO,CC 
7301,PP,CC 
7303,EO,CC 
7304,EO,PP 
7305,CE,IA 
7307,EO,CC 
7308,PP,CC 
7311,EO,CC 
7312,CE,IA 
7313,MC,CC 
7314,CW,CC 
7315,PP,IA 
7316,EO,EO 
7321,CE,IA 
7322,PP,PP 
7323,CE,CC 
7327,CE,CC 
7328,IA,CC 
7330,IA,IA 
7332,CE,CC 
7333,PP,PP 
7334,CC,PP 
7335,PP,IA 
7337,CE,IA 
7338,CC,PP 
7341,CC,ED 
7342,EO,ED 
7343,CC,CC 
7346,CW,CC 
7347,PP,IA 
7348,PP,IA 
7349,PP,CC 
7350,MC,PP 
7351,PP,IA 
7352,PP,PP 
7353,EO,PP 
7356,CE,IA 
7357,EO,CC 
7358,PP,CC 
7359,IA,CC 
7360,PP,CC 
7361,CE,CC 
7362,EO,CC 
7363,CW,CC 
7364,CC,EO 
7366,CE,CE 
7369,PP,CC 
7370,MC,PP 
7371,CE,CC 
7372,EO,IA 
7374,CW,CC 
7375,PP,IA 
7378,EO,IA 
7380,EO,IA 
7382,IA,CC 
7383,CE,PP 
7384,PP,IA 
7385,EO,CC 
7386,IA,IA 
7387,CW,CC 
7389,CC,CC 
7390,CW,CC 
7391,EO,IA 
7393,PP,CC 
7396,CE,CC 
7398,EO,PP 
7399,CW,PP 
7400,PP,PP 
7401,PP,CC 
7402,CW,CC 
7405,CE,CE 
7406,EO,CC 
7409,CC,PP 
7411,PP,CC 
7412,CW,PP 
7414,IA,IA 
7415,IA,CC 
7416,EO,IA 
7417,PP,CC 
7418,CE,CC 
7420,ED,ED 
7421,CW,PP 
7422,IA,IA 
7424,EO,CC 
7425,EO,CC 
7426,CW,CC 
7427,CC,PP 
7428,CC,PP 
7429,MC,IA 
7431,CE,IA 
7434,CW,CC 
7435,PP,CC 
7439,IA,CC 
7440,CC,CC 
7441,CC,CC 
7445,PP,PP 
7447,CW,IA 
7449,CC,CC 
7450,CW,CC 
7451,EO,PP 
7452,CW,IA 
7456,CC,IA 
7457,EO,CC 
7458,PP,IA 
7460,CW,CC 
7462,EO,CC 
7463,CE,CC 
7464,EO,CC 
7467,PP,CC 
7468,EO,CC 
7470,EO,PP 
7471,IA,CC 
7472,PP,PP 
7474,CC,CC 
7475,PP,PP 
7476,EO,PP 
7477,CE,CE 
7478,CW,CC 
7479,MC,CC 
7480,CE,CC 
7481,CE,PP 
7483,CE,IA 
7484,ED,CC 
7487,IA,IA 
7488,PP,CC 
7489,EO,CC 
7490,EO,IA 
7493,CE,CC 
7495,EO,CC 
7496,CC,CC 
7497,EO,CC 
7498,IA,IA 
7499,CC,EO 
7500,PP,CC 
7504,CE,CC 
7506,CE,PP 
7507,IA,IA 
7509,CE,CC 
7510,CE,PP 
7511,MT,IA 
7512,CW,CC 
7513,PP,CC 
7514,CE,CC 
7515,IA,IA 
7516,CE,IA 
7517,PP,IA 
7518,CC,CC 
7519,PP,CC 
7520,PP,CC 
7522,CE,IA 
7523,CE,CC 
7524,PP,IA 
7525,EO,PP 
7526,EO,IA 
7528,PP,IA 
7529,PP,IA 
7530,CC,CC 
7531,CE,PP 
7534,ED,CC 
7535,CE,CC 
7536,IA,PP 
7539,PP,CC 
7541,PP,EO 
7543,EO,CC 
7545,CE,CC 
7546,CE,CC 
7550,ED,CC 
7552,CE,ED 
7553,CE,IA 
7555,CW,IA 
7556,EO,CC 
7557,PP,CC 
7562,IA,IA 
7564,PP,CC 
7566,CW,IA 
7567,CW,PP 
7569,EO,CC 
7570,CC,EO 
7574,ED,ED 
7577,IA,PP 
7585,EO,CC 
7586,CC,CC 
7587,PP,PP 
7588,CE,PP 
7590,CE,CE 
7591,EO,CC 
7592,CE,CC 
7594,PP,PP 
7595,ED,ED 
7596,CC,PP 
7597,CC,CC 
7599,CW,CC 
7600,CW,CC 
7605,EO,IA 
7608,CE,CC 
7610,CE,PP 
7611,PP,IA 
7612,CE,CC 
7613,EO,CC 
7614,CE,CC 
7615,PP,CC 
7616,IA,CC 
7618,CE,CC 
7619,CE,PP 
7621,CE,PP 
7622,CW,CC 
7623,IA,CC 
7624,PP,CC 
7626,IA,CC 
7627,MT,CC 
7628,PP,IA 
7629,EO,IA 
7630,CW,CC 
7631,ED,ED 
7632,CE,ED 
7633,CW,IA 
7634,EO,CC 
7635,CE,IA 
7636,IA,IA 
7637,PP,CC 
7638,PP,IA 
7640,CE,IA 
7641,IA,CC 
7642,CC,CC 
7643,IA,IA 
7644,PP,IA 
7645,EO,PP 
7646,IA,CC 
7652,PP,IA 
7654,CE,PP 
7656,CE,ED 
7659,EO,CC 
7661,EO,IA 
7663,PP,PP 
7664,MT,PP 
7665,EO,CC 
7666,EO,CC 
7667,MT,PP 
7668,PP,IA 
7669,CC,ED 
7670,CE,CC 
7671,PP,CC 
7672,CE,CC 
7674,EO,IA 
7675,CE,IA 
7676,CE,PP 
7677,CE,IA 
7678,IA,IA 
7679,CE,PP 
7680,CW,CC 
7681,CE,IA 
7682,CC,CC 
7683,EO,PP 
7684,PP,CC 
7685,PP,CC 
7686,CC,CC 
7687,PP,IA 
7688,CE,CC 
7690,CE,IA 
7693,CC,CC 
7694,CE,CC 
7696,PP,CC 
7697,EO,PP 
7699,PP,CC 
7700,IA,PP 
7701,EO,CC 
7705,CC,PP 
7706,CW,CC 
7707,IA,CC 
7709,CE,IA 
7711,CC,PP 
7713,IA,IA 
7714,CE,PP 
7715,CE,CE 
7717,IA,PP 
7719,CC,CC 
7720,CW,ED 
7721,PP,MT 
7723,CW,CC 
7724,CE,PP 
7725,IA,IA 
7726,PP,PP 
7727,CE,IA 
7730,PP,CC 
7731,CW,PP 
7732,CE,CC 
7733,EO,CC 
7734,CW,IA 
7735,CE,PP 
7736,CC,PP 
7738,EO,PP 
7739,CW,PP 
7740,IA,IA 
7741,EO,PP 
7744,CW,IA 
7745,CE,CC 
7746,CE,CC 
7748,CW,CC 
7749,CE,IA 
7750,IA,IA 
7751,CE,PP 
7752,PP,CC 
7755,EO,IA 
7757,PP,CC 
7759,CC,CC 
7764,CW,ED 
7770,EO,CC 
7771,CW,IA 
7772,CE,PP 
7774,MT,CC 
7775,CW,PP 
7776,IA,CC 
7781,CE,PP 
7782,MC,CC 
7783,EO,CC 
7784,PP,IA 
7785,EO,PP 
7786,CC,PP 
7787,CW,CC 
7789,CE,PP 
7790,PP,PP 
7791,PP,IA 
7792,CE,PP 
7793,CE,IA 
7794,PP,IA 
7795,EO,CC 
7798,CW,PP 
7799,IA,CC 
7800,CE,PP 
7802,ED,ED 
7809,EO,IA 
7810,PP,CC 
7811,CE,CC 
7812,CW,IA 
7813,CE,CC 
7814,CE,PP 
7816,IA,ED 
7818,PP,ED 
7819,IA,IA 
7820,CW,IA 
7822,CW,CC 
7823,IA,CC 
7824,CE,CC 
7825,PP,CC 
7826,CE,IA 
7827,EO,PP 
7828,EO,CC 
7830,ED,CC 
7831,MC,CC 
7832,PP,PP 
7833,CW,EO 
7836,CE,IA 
7837,CE,PP 
7838,EO,PP 
7839,ED,ED 
7841,CE,IA 
7842,EO,PP 
7845,CC,PP 
7846,CE,PP 
7847,PP,PP 
7848,EO,IA 
7850,IA,IA 
7851,PP,CC 
7852,PP,CC 
7853,CE,PP 
7854,CE,CC 
7855,IA,CC 
7856,CE,PP 
7857,PP,PP 
7858,PP,CC 
7859,CE,ED 
7860,CW,CC 
7861,EO,IA 
7862,EO,PP 
7865,CE,PP 
7866,CC,IA 
7868,CW,PP 
7869,PP,CC 
7873,CE,PP 
7874,CW,CC 
7875,PP,IA 
7876,CE,CC 
7878,CE,IA 
7879,CC,CC 
7880,EO,PP 
7882,PP,CC 
7885,EO,PP 
7886,CC,PP 
7887,CW,IA 
7889,EO,CC 
7890,PP,CC 
7891,CW,CC 
7892,CW,EO 
7894,CW,PP 
7895,CW,PP 
7896,IA,IA 
7897,EO,CE 
7898,EO,IA 
7899,EO,CC 
7900,IA,CC 
7904,CC,EO 
7907,CE,PP 
7910,EO,PP 
7911,CE,CC 
7912,CE,IA 
7913,CE,PP 
7914,EO,PP 
7915,EO,CC 
7916,EO,CC 
7917,CW,IA 
7921,CE,EO 
7922,PP,CC 
7923,CE,CC 
7925,EO,PP 
7926,CC,ED 
7927,CE,CC 
7930,PP,CC 
7932,CW,CC 
7933,CE,CC 
7935,PP,CC 
7939,CE,CE 
7940,CW,CC 
7941,EO,IA 
7942,PP,PP 
7945,CE,IA 
7948,CC,CC 
7949,EO,PP 
7952,PP,IA 
7953,IA,IA 
7954,CE,CC 
7955,CC,IA 
7956,CC,CC 
7960,CE,PP 
7961,CW,CC 
7963,EO,CC 
7964,PP,PP 
7965,PP,CC 
7966,EO,CC 
7967,CC,PP 
7968,CE,CC 
7969,PP,IA 
7970,CE,CC 
7971,PP,CC 
7973,PP,CC 
7974,EO,IA 
7975,CE,MT 
7976,PP,CC 
7977,IA,IA 
7978,EO,IA 
7982,IA,IA 
7984,CE,IA 
7985,CE,CE 
7986,PP,CC 
7987,CE,CC 
7988,CE,CC 
7990,EO,IA 
7991,PP,CC 
7992,PP,PP 
7993,CE,CE 
7994,PP,PP 
7997,EO,CC 
7998,ED,ED 
8000,PP,CC 
